id,title,thumbnail,short_description,game_url,genre,platform,publisher,developer,release_date,freetogame_profile_url,release_year,title_match,gamerpower_id,gamerpower_worth,gamerpower_type,gamerpower_platforms,gamerpower_status,gamerpower_users,gamerpower_published_date,gamerpower_end_date,gamerpower_url,mmobomb_id,mmobomb_genre,mmobomb_platform,mmobomb_publisher,mmobomb_developer,mmobomb_release_date,mmobomb_profile_url,genre_match,platform_match,publisher_match,developer_match
2,World of Tanks,https://www.freetogame.com/g/2/thumbnail2.jpg,"If you like blowing up tanks, with a quick and intense game style you will love this game!",https://www.freetogame.com/open/world-of-tanks,Shooter,PC (Windows),Wargaming,Wargaming,2011-04-12,https://www.freetogame.com/world-of-tanks,2011,world of tanks,,,,,,,,,,2.0,Shooter,PC (Windows),Wargaming,Wargaming,2011-04-12,https://www.mmobomb.com/world-of-tanks,True,True,True,True
3,Warframe,https://www.freetogame.com/g/3/thumbnail.jpg,A cooperative free-to-play third person online action shooter set in an stunning sci-fi world.,https://www.freetogame.com/open/warframe,Shooter,PC (Windows),Digital Extremes,Digital Extremes,2013-03-25,https://www.freetogame.com/warframe,2013,warframe,,,,,,,,,,3.0,Shooter,PC (Windows),Digital Extremes,Digital Extremes,2013-03-25,https://www.mmobomb.com/warframe,True,True,True,True
4,CRSED: F.O.A.D.,https://www.freetogame.com/g/4/thumbnail.jpg,Take the battle royale genre and add mystical powers and you have CRSED: F.O.A.D. (Aka Cuisine Royale: Second Edition),https://www.freetogame.com/open/crsed,Shooter,PC (Windows),Gaijin Distribution KFT,Darkflow Software,2019-12-12,https://www.freetogame.com/crsed,2019,crsed: f.o.a.d.,,,,,,,,,,4.0,Shooter,PC (Windows),Gaijin Distribution KFT,Darkflow Software,2019-12-12,https://www.mmobomb.com/crsed,True,True,True,True
5,Crossout,https://www.freetogame.com/g/5/thumbnail.jpg,A post-apocalyptic MMO vehicle combat game!,https://www.freetogame.com/open/crossout,Shooter,PC (Windows),Targem,Gaijin,2017-05-30,https://www.freetogame.com/crossout,2017,crossout,,,,,,,,,,5.0,Shooter,PC (Windows),Targem,Gaijin,2017-05-30,https://www.mmobomb.com/crossout,True,True,True,True
6,Blade and Soul,https://www.freetogame.com/g/6/thumbnail.jpg,A free-to-play martial arts MMORPG that tasks players with learning combination attacks.,https://www.freetogame.com/open/blade-and-soul,MMORPG,PC (Windows),NCSoft,NCSoft,2016-01-19,https://www.freetogame.com/blade-and-soul,2016,blade and soul,,,,,,,,,,,,,,,,,,,,
7,Armored Warfare,https://www.freetogame.com/g/7/thumbnail.jpg,A modern team-based MMO tank game from Obsidian Entertainment.,https://www.freetogame.com/open/armored-warfare,Shooter,PC (Windows),My.com (Mail.ru Group),Obsidian Entertainment,2015-10-08,https://www.freetogame.com/armored-warfare,2015,armored warfare,,,,,,,,,,7.0,Shooter,PC (Windows),Wishlist Games,Obsidian Entertainment,2015-10-08,https://www.mmobomb.com/armored-warfare,True,True,False,True
8,Trove,https://www.freetogame.com/g/8/thumbnail.jpg,A free to play Sandbox massively multiplayer online role-playing game!,https://www.freetogame.com/open/trove,MMORPG,PC (Windows),Trion Worlds,Trion Worlds,2015-07-09,https://www.freetogame.com/trove,2015,trove,,,,,,,,,,8.0,MMORPG,PC (Windows),Trion Worlds,Trion Worlds,2015-07-09,https://www.mmobomb.com/trove,True,True,True,True
9,World of Warships,https://www.freetogame.com/g/9/thumbnail.jpg,A 3D free to play naval action-themed MMO from the creators of World of Tanks!,https://www.freetogame.com/open/world-of-warships,Shooter,PC (Windows),Wargaming,Wargaming,2015-07-02,https://www.freetogame.com/world-of-warships,2015,world of warships,,,,,,,,,,9.0,Shooter,PC (Windows),Wargaming,Wargaming,2015-07-02,https://www.mmobomb.com/world-of-warships,True,True,True,True
10,ArcheAge,https://www.freetogame.com/g/10/thumbnail.jpg,"A free-to-play, hybrid fantasy/sandbox MMORPG brought to you by Trion Worlds.",https://www.freetogame.com/open/archeage,MMORPG,PC (Windows),Kakao Games,XL Games,2014-09-04,https://www.freetogame.com/archeage,2014,archeage,,,,,,,,,,10.0,MMORPG,PC (Windows),Kakao Games,XL Games,2014-09-04,https://www.mmobomb.com/archeage,True,True,True,True
11,Neverwinter,https://www.freetogame.com/g/11/thumbnail.jpg,A free-to-play 3D action MMORPG based on the acclaimed Dungeons & Dragons fantasy roleplaying game.,https://www.freetogame.com/open/neverwinter,MMORPG,PC (Windows),Perfect World Entertainment,Cryptic Studios,2013-12-06,https://www.freetogame.com/neverwinter,2013,neverwinter,,,,,,,,,,11.0,MMORPG,PC (Windows),Perfect World Entertainment,Cryptic Studios,2013-12-06,https://www.mmobomb.com/neverwinter,True,True,True,True
12,War Thunder,https://www.freetogame.com/g/12/thumbnail.jpg,A MMO shooter that puts you in command of hundreds of the finest combat vehicles of World War II.,https://www.freetogame.com/open/war-thunder,Shooter,PC (Windows),Gaijin Entertainment,Gaijin Entertainment,2013-08-15,https://www.freetogame.com/war-thunder,2013,war thunder,,,,,,,,,,12.0,Shooter,PC (Windows),Gaijin Entertainment,Gaijin Entertainment,2013-08-15,https://www.mmobomb.com/war-thunder,True,True,True,True
13,Guild Wars 2,https://www.freetogame.com/g/13/thumbnail.jpg,"A free-to-play MMORPG, the follow-up to ArenaNet's popular Guild Wars.",https://www.freetogame.com/open/guild-wars-2,MMORPG,PC (Windows),NCsoft,ArenaNet,2012-08-28,https://www.freetogame.com/guild-wars-2,2012,guild wars 2,,,,,,,,,,13.0,MMORPG,PC (Windows),NCsoft,ArenaNet,2012-08-28,https://www.mmobomb.com/guild-wars-2,True,True,True,True
14,Star Trek Online,https://www.freetogame.com/g/14/thumbnail.jpg,"A free-to-play, 3D, Sci-Fi MMORPG based on the popular Star Trek series.",https://www.freetogame.com/open/star-trek-online,MMORPG,PC (Windows),Perfect World Entertainment,Cryptic Studios,2010-02-02,https://www.freetogame.com/star-trek-online,2010,star trek online,,,,,,,,,,14.0,MMORPG,PC (Windows),Perfect World Entertainment, Cryptic Studios,2010-02-02,https://www.mmobomb.com/star-trek-online,True,True,True,True
15,Crossfire,https://www.freetogame.com/g/15/thumbnail.jpg,A first person tactical shooter with a huge selection of game modes!,https://www.freetogame.com/open/crossfire,Shooter,PC (Windows),Neowiz Games,SmileGate,2007-05-03,https://www.freetogame.com/crossfire,2007,crossfire,,,,,,,,,,15.0,Shooter,PC (Windows),Neowiz Games,SmileGate,2007-05-03,https://www.mmobomb.com/crossfire,True,True,True,True
16,Roblox,https://www.freetogame.com/g/16/thumbnail.jpg,A free to play sandbox MMO with lots of creation options.,https://www.freetogame.com/open/roblox,MMO,PC (Windows),Roblox Corporation,Roblox Corporation,2006-12-22,https://www.freetogame.com/roblox,2006,roblox,,,,,,,,,,16.0,MMO,PC (Windows),Roblox Corporation,Roblox Corporation,2006-12-22,https://www.mmobomb.com/roblox,True,True,True,True
17,Entropia Universe,https://www.freetogame.com/g/17/thumbnail.jpg,A 3D MMO Multi Virtual World Real Cash Economy Experience with RPG elements.,https://www.freetogame.com/open/entropia-universe,MMORPG,PC (Windows),MindArk,MindArk,2003-01-30,https://www.freetogame.com/entropia-universe,2003,entropia universe,,,,,,,,,,17.0,MMORPG,PC (Windows),MindArk,MindArk,2003-01-30,https://www.mmobomb.com/entropia-universe,True,True,True,True
18,Second Life,https://www.freetogame.com/g/18/thumbnail.jpg,A free to play 3D online virtual world with a huge reputation!,https://www.freetogame.com/open/second-life,Social,PC (Windows),Linden Lab,Linden Lab,2003-06-23,https://www.freetogame.com/second-life,2003,second life,,,,,,,,,,18.0,Social,PC (Windows),Linden Lab,Linden Lab,2003-06-23,https://www.mmobomb.com/second-life,True,True,True,True
19,Minion Masters,https://www.freetogame.com/g/19/thumbnail.jpg,A free-to-play strategic minion brawler from Danish developer Betadwarf.,https://www.freetogame.com/open/minion-masters,Card Game,PC (Windows),Betadwarf,Betadwarf,2019-05-24,https://www.freetogame.com/minion-masters,2019,minion masters,,,,,,,,,,19.0,Card Game,PC (Windows),Betadwarf,Betadwarf,2019-05-24,https://www.mmobomb.com/minion-masters,True,True,True,True
20,Splitgate,https://www.freetogame.com/g/20/thumbnail.jpg,A free-to-play multiplayer shooter developed and published by 1047 games.,https://www.freetogame.com/open/splitgate,Shooter,PC (Windows),1047 Games,1047 Games,2019-05-22,https://www.freetogame.com/splitgate,2019,splitgate,,,,,,,,,,20.0,Shooter,PC (Windows),1047 Games,1047 Games,2019-05-22,https://www.mmobomb.com/splitgate,True,True,True,True
21,Destiny 2,https://www.freetogame.com/g/21/thumbnail.jpg,A free-to-play multiplayer Sci-Fi MMOFPS from Bungie.,https://www.freetogame.com/open/destiny-2,Shooter,PC (Windows),Bungie,Bungie,2019-10-01,https://www.freetogame.com/destiny-2,2019,destiny 2,,,,,,,,,,21.0,Shooter,PC (Windows),Bungie,Bungie,2019-10-01,https://www.mmobomb.com/destiny-2,True,True,True,True
22,Wild Terra Online,https://www.freetogame.com/g/22/thumbnail.jpg,A medieval sandbox MMO designed with core players in mind.,https://www.freetogame.com/open/wild-terra-online,MMORPG,PC (Windows),Juvty Worlds Ltd.,Juvty Worlds Ltd.,2017-12-18,https://www.freetogame.com/wild-terra-online,2017,wild terra online,,,,,,,,,,22.0,MMORPG,PC (Windows),Juvty Worlds Ltd.,Juvty Worlds Ltd.,2017-12-18,https://www.mmobomb.com/wild-terra-online,True,True,True,True
23,Apex Legends,https://www.freetogame.com/g/23/thumbnail.jpg,A free-to-play strategic battle royale game featuring 60-player matches and team-based play.,https://www.freetogame.com/open/apex-legends,Shooter,PC (Windows),Electronic Arts,Electronic Arts,2019-02-04,https://www.freetogame.com/apex-legends,2019,apex legends,,,,,,,,,,23.0,Shooter,PC (Windows),Electronic Arts,Electronic Arts,2019-02-04,https://www.mmobomb.com/apex-legends,True,True,True,True
24,Counter-Strike 2,https://www.freetogame.com/g/24/thumbnail.jpg,The popular multiplayer shooter from Valve.,https://www.freetogame.com/open/counter-strike-2,Shooter,PC (Windows),Valve,Valve,2012-08-21,https://www.freetogame.com/counter-strike-2,2012,counter-strike 2,,,,,,,,,,24.0,Shooter,PC (Windows),Valve,Valve,2012-08-21,https://www.mmobomb.com/counter-strike-2,True,True,True,True
28,Spacelords,https://www.freetogame.com/g/28/thumbnail.jpg,A free-to-play 4v1 sci-fi shooter.,https://www.freetogame.com/open/spacelords,Shooter,PC (Windows),MercurySteam Entertainment,MercurySteam,2018-09-22,https://www.freetogame.com/spacelords,2018,spacelords,,,,,,,,,,28.0,Shooter,PC (Windows), MercurySteam Entertainment,MercurySteam,2018-09-22,https://www.mmobomb.com/spacelords,True,True,True,True
30,Quake Champions,https://www.freetogame.com/g/30/thumbnail.jpg,"Quake Champions is a callback to the early days of the Quake IP, featuring the fast-paced action that made the IP popular over two decades ago.",https://www.freetogame.com/open/quake-champions,Shooter,PC (Windows),Bethesda Softworks,id Software,2017-08-22,https://www.freetogame.com/quake-champions,2017,quake champions,,,,,,,,,,30.0,Shooter,PC (Windows),Bethesda Softworks,id Software,2017-08-22,https://www.mmobomb.com/quake-champions,True,True,True,True
31,Cosmos Invictus,https://www.freetogame.com/g/31/thumbnail.jpg,A strategic collectible card game developed and published by Pegnio Ltd.,https://www.freetogame.com/open/cosmos-invictus,Card Game,PC (Windows),Pegnio Ltd,Pegnio Ltd,2018-06-27,https://www.freetogame.com/cosmos-invictus,2018,cosmos invictus,,,,,,,,,,31.0,Card Game,PC (Windows),Pegnio Ltd,Pegnio Ltd,2018-06-27,https://www.mmobomb.com/cosmos-invictus,True,True,True,True
39,Darwin Project,https://www.freetogame.com/g/39/thumbnail.jpg,A free-to-play 10-player battle royale game set just prior to an impeding ice age.,https://www.freetogame.com/open/darwin-project,Shooter,PC (Windows),Scavengers Studio,Scavengers Studio,2020-01-14,https://www.freetogame.com/darwin-project,2020,darwin project,,,,,,,,,,39.0,Shooter,PC (Windows),Scavengers Studio,Scavengers Studio,2020-01-14,https://www.mmobomb.com/darwin-project,True,True,True,True
42,Spellsworn,https://www.freetogame.com/g/42/thumbnail.jpg,A free-to-play arena battle game developed and published by Frogsong Studios AB.,https://www.freetogame.com/open/spellsworn,MOBA,PC (Windows),Frogsong Studios AB,Frogsong Studios AB,2018-03-13,https://www.freetogame.com/spellsworn,2018,spellsworn,,,,,,,,,,42.0,MOBA,PC (Windows),Frogsong Studios AB,Frogsong Studios AB,2018-03-13,https://www.mmobomb.com/spellsworn,True,True,True,True
43,Z1 Battle Royale,https://www.freetogame.com/g/43/thumbnail.jpg,A highly competitive free-to-play battle royale shooter.,https://www.freetogame.com/open/z1-battle-royale,Shooter,PC (Windows),Daybreak Game Company,Daybreak Game Company,2018-02-28,https://www.freetogame.com/z1-battle-royale,2018,z1 battle royale,,,,,,,,,,43.0,Shooter,PC (Windows),Daybreak Game Company,Daybreak Game Company,2018-02-28,https://www.mmobomb.com/z1-battle-royale,True,True,True,True
44,Tale Of Toast,https://www.freetogame.com/g/44/thumbnail.jpg,"A free-to-play open world MMO inspired by classic, core MMOs.",https://www.freetogame.com/open/tale-of-toast,MMORPG,PC (Windows),Toasty Leaf AB,Toasty Leaf AB,2018-02-23,https://www.freetogame.com/tale-of-toast,2018,tale of toast,,,,,,,,,,44.0,MMORPG,PC (Windows),Toasty Leaf AB,Toasty Leaf AB,2018-02-23,https://www.mmobomb.com/tale-of-toast,True,True,True,True
45,SoulWorker,https://www.freetogame.com/g/45/thumbnail.jpg,A free to play anime action MMO based on the popular anime of the same title.,https://www.freetogame.com/open/soulworker,MMORPG,PC (Windows),G・O・P,VALOFE,2018-02-27,https://www.freetogame.com/soulworker,2018,soulworker,,,,,,,,,,45.0,MMORPG,PC (Windows),G・O・P,VALOFE,2018-02-27,https://www.mmobomb.com/soulworker,True,True,True,True
46,RAID: Shadow Legends,https://www.freetogame.com/g/46/thumbnail.jpg,RAID: Shadow Legends is a free-to-play turn-based fantasy RPG with hundreds of champions and several game modes.,https://www.freetogame.com/open/raid-shadow-legends,RPG,PC (Windows),Plarium Global Ltd,Plarium Global Ltd,2024-01-09,https://www.freetogame.com/raid-shadow-legends,2024,raid: shadow legends,,,,,,,,,,,,,,,,,,,,
47,Bombtag,https://www.freetogame.com/g/47/thumbnail.jpg,A free-to-play multiplayer Bomberman-inspired game.,https://www.freetogame.com/open/bombtag,Strategy,PC (Windows),David Schneider,David Schneider,2018-02-12,https://www.freetogame.com/bombtag,2018,bombtag,,,,,,,,,,47.0,Strategy,PC (Windows),David Schneider,David Schneider,2018-02-12,https://www.mmobomb.com/bombtag,True,True,True,True
49,Dead Maze,https://www.freetogame.com/g/49/thumbnail.jpg,A free-to-play 2D isometric MMO full of zombies.,https://www.freetogame.com/open/dead-maze,MMORPG,PC (Windows),801,801,2018-02-13,https://www.freetogame.com/dead-maze,2018,dead maze,,,,,,,,,,49.0,MMORPG,PC (Windows),801,801,2018-02-13,https://www.mmobomb.com/dead-maze,True,True,True,True
51,Global Adventures,https://www.freetogame.com/g/51/thumbnail.jpg,A free-to-play MMORPG developed by PixelSoft and Published by SubaGames.,https://www.freetogame.com/open/global-adventures,MMORPG,PC (Windows),SubaGames,PixelSoft,2017-12-29,https://www.freetogame.com/global-adventures,2017,global adventures,,,,,,,,,,,,,,,,,,,,
52,Closers,https://www.freetogame.com/g/52/thumbnail.jpg,A free-to-play episodic anime beat-em-up developed by Naddic Games and published by En Masse Entertainment.,https://www.freetogame.com/open/closers,MMORPG,PC (Windows),En Masse Entertainment,Naddic Games,2017-12-19,https://www.freetogame.com/closers,2017,closers,,,,,,,,,,52.0,MMORPG,PC (Windows),En Masse Entertainment,Naddic Games,2017-12-19,https://www.mmobomb.com/closers,True,True,True,True
55,Deceit,https://www.freetogame.com/g/55/thumbnail.jpg,A free-to-play multiplayer first-person shooter set in an asylum!,https://www.freetogame.com/open/deceit,Shooter,PC (Windows),Automaton,Automaton,2017-05-03,https://www.freetogame.com/deceit,2017,deceit,,,,,,,,,,55.0,Shooter,PC (Windows),Automaton,Automaton,2017-05-03,https://www.mmobomb.com/deceit,True,True,True,True
56,Grimoire: Manastorm,https://www.freetogame.com/g/56/thumbnail.jpg,A free-to-play multiplayer FPS... with wizards.,https://www.freetogame.com/open/grimoire-manastorm,Shooter,PC (Windows),Omniconnection,Omniconnection,2015-02-04,https://www.freetogame.com/grimoire-manastorm,2015,grimoire: manastorm,,,,,,,,,,56.0,Shooter,PC (Windows),Omniconnection,Omniconnection,2015-02-04,https://www.mmobomb.com/grimoire-manastorm,True,True,True,True
57,Fortnite,https://www.freetogame.com/g/57/thumbnail.jpg,"A free-to-play, standalone mode of Epic Game's Fortnite.",https://www.freetogame.com/open/fortnite-battle-royale,Shooter,PC (Windows),Epic Games,Epic Games,2017-09-26,https://www.freetogame.com/fortnite-battle-royale,2017,fortnite,,,,,,,,,,57.0,Shooter,PC (Windows),Epic Games,Epic Games,2017-09-26,https://www.mmobomb.com/fortnite-battle-royale,True,True,True,True
58,The Ultimatest Battle,https://www.freetogame.com/g/58/thumbnail.jpg,A free-to-play 2D platform game that pits two teams of players against each other in a variety of modes.,https://www.freetogame.com/open/the-ultimatest-battle,Fighting,PC (Windows),Ediogames,Ediogames,2017-09-12,https://www.freetogame.com/the-ultimatest-battle,2017,the ultimatest battle,,,,,,,,,,58.0,Fighting,PC (Windows),Ediogames,Ediogames,2017-09-12,https://www.mmobomb.com/the-ultimatest-battle,True,True,True,True
60,Brink,https://www.freetogame.com/g/60/thumbnail.jpg,A free-to-play first-person-shoot developed by Splash Damage and published by Bethesda Softworks.,https://www.freetogame.com/open/brink,Shooter,PC (Windows),Bethesda Softworks,Splash Damage,2011-05-09,https://www.freetogame.com/brink,2011,brink,,,,,,,,,,60.0,Shooter,PC (Windows),Bethesda Softworks,Splash Damage,2011-05-09,https://www.mmobomb.com/brink,True,True,True,True
61,Black Squad,https://www.freetogame.com/g/61/thumbnail.jpg,A free-to-play military FPS developed by NS STUDIO and published by NEOWIZ.,https://www.freetogame.com/open/black-squad,Shooter,PC (Windows),NEOWIZ,NS Studio,2017-07-28,https://www.freetogame.com/black-squad,2017,black squad,,,,,,,,,,61.0,Shooter,PC (Windows),NEOWIZ,NS Studio,2017-07-28,https://www.mmobomb.com/black-squad,True,True,True,True
64,Secret World Legends,https://www.freetogame.com/g/64/thumbnail.jpg,A free-to-play reboot of The Secret World.,https://www.freetogame.com/open/secret-world-legends,MMORPG,PC (Windows),Funcom,Funcom,2017-07-31,https://www.freetogame.com/secret-world-legends,2017,secret world legends,,,,,,,,,,64.0,MMORPG,PC (Windows),Funcom,Funcom,2017-07-31,https://www.mmobomb.com/secret-world-legends,True,True,True,True
65,Pixel Worlds,https://www.freetogame.com/g/65/thumbnail.jpg,"A free-to-play, side-scroller MMO sandbox game developed and published by Kukouri Mobile Entertainment.",https://www.freetogame.com/open/pixel-worlds,MMORPG,PC (Windows),Kukouri Mobile Entertainment,Kukouri Mobile Entertainment,2017-06-09,https://www.freetogame.com/pixel-worlds,2017,pixel worlds,,,,,,,,,,65.0,MMORPG,PC (Windows),Kukouri Mobile Entertainment,Kukouri Mobile Entertainment,2017-06-09,https://www.mmobomb.com/pixel-worlds,True,True,True,True
66,Gwent: The Witcher Card Game,https://www.freetogame.com/g/66/thumbnail.jpg,A free-to-play card game based on CD Projekt Red's popular Witcher franchise.,https://www.freetogame.com/open/gwent,Card Game,PC (Windows),CD Projekt Red,CD Projekt Red,2017-05-24,https://www.freetogame.com/gwent,2017,gwent: the witcher card game,,,,,,,,,,66.0,Card Game,PC (Windows),CD Projekt Red,CD Projekt Red,2017-05-24,https://www.mmobomb.com/gwent,True,True,True,True
67,Awesomenauts,https://www.freetogame.com/g/67/thumbnail.jpg,A 3v3 2D battle arena Developed by Ronimo games.,https://www.freetogame.com/open/awesomenauts,MOBA,PC (Windows),Ronimo Games,Ronimo Games,2017-05-24,https://www.freetogame.com/awesomenauts,2017,awesomenauts,,,,,,,,,,67.0,MOBA,PC (Windows),Ronimo Games,Ronimo Games,2017-05-24,https://www.mmobomb.com/awesomenauts,True,True,True,True
68,Dreadnought,https://www.freetogame.com/g/68/thumbnail.jpg,A free-to-play combat flight simulator developed by Yager Development and published by Grey Box.,https://www.freetogame.com/open/dreadnought,Shooter,PC (Windows),Grey Box,Yager Development,2018-10-14,https://www.freetogame.com/dreadnought,2018,dreadnought,,,,,,,,,,68.0,Shooter,PC (Windows),Grey Box,Yager Development,2018-10-14,https://www.mmobomb.com/dreadnought,True,True,True,True
69,Cabals: Card Blitz,https://www.freetogame.com/g/69/thumbnail.jpg,A free-to-play game developed by Kyy Games and published by BISBOG SA.,https://www.freetogame.com/open/cabals-card-blitz,Card Game,PC (Windows),BISBOG SA,Kyy Games,2017-02-08,https://www.freetogame.com/cabals-card-blitz,2017,cabals: card blitz,,,,,,,,,,69.0,Card Game,PC (Windows),BISBOG SA,Kyy Games,2017-02-08,https://www.mmobomb.com/cabals-card-blitz,True,True,True,True
70,Alien Swarm: Reactive Drop,https://www.freetogame.com/g/70/thumbnail.jpg,A free-to-play top-down tactical co-op expansion on the Alien swarm game and Source SDK.,https://www.freetogame.com/open/alien-swarm-reactive-drop,Shooter,PC (Windows),Reactive Drop,Reactive Drop,2017-04-20,https://www.freetogame.com/alien-swarm-reactive-drop,2017,alien swarm: reactive drop,,,,,,,,,,70.0,Shooter,PC (Windows),Reactive Drop,Reactive Drop,2017-04-20,https://www.mmobomb.com/alien-swarm-reactive-drop,True,True,True,True
71,Catan Universe,https://www.freetogame.com/g/71/thumbnail.jpg,A free-to-play strategy game based on the classic board and card games.,https://www.freetogame.com/open/catan-universe,Card Game,PC (Windows),United Soft Media,Exozet,2017-04-25,https://www.freetogame.com/catan-universe,2017,catan universe,,,,,,,,,,71.0,Card Game,PC (Windows),United Soft Media,Exozet,2017-04-25,https://www.mmobomb.com/catan-universe,True,True,True,True
72,Krosmaga,https://www.freetogame.com/g/72/thumbnail.jpg,A free-to-play CCG/tower defense hybrid developed by Ankama Studio and published by Ankama Games.,https://www.freetogame.com/open/krosmaga,Card Game,PC (Windows),Ankama Games,Ankama Studio,2017-04-12,https://www.freetogame.com/krosmaga,2017,krosmaga,,,,,,,,,,72.0,Card Game,PC (Windows),Ankama Games,Ankama Studio,2017-04-12,https://www.mmobomb.com/krosmaga,True,True,True,True
82,Line of Sight,https://www.freetogame.com/g/82/thumbnail.jpg,"Free FPS game described as ""Bioshock meets Call of Duty""!",https://www.freetogame.com/open/line-of-sight,Shooter,PC (Windows),BlackSpot Entertainment,BlackSpot Entertainment,2017-01-31,https://www.freetogame.com/line-of-sight,2017,line of sight,,,,,,,,,,82.0,Shooter,PC (Windows),BlackSpot Entertainment,BlackSpot Entertainment,2017-01-31,https://www.mmobomb.com/line-of-sight,True,True,True,True
85,Infestation: The New Z,https://www.freetogame.com/g/85/thumbnail.jpg,"A re-work of the open world zombie shooter game Infestation: Survivor Stories (or as it was formerly known ""The War Z"").",https://www.freetogame.com/open/infestation-new-z,Shooter,PC (Windows),OP Productions LLC,Fredaikis AB,2016-11-22,https://www.freetogame.com/infestation-new-z,2016,infestation: the new z,,,,,,,,,,85.0,Shooter,PC (Windows),OP Productions LLC,Fredaikis AB,2016-11-22,https://www.mmobomb.com/infestation-new-z,True,True,True,True
87,MU Legend,https://www.freetogame.com/g/87/thumbnail.jpg,A free-to-play MMORPG developed by Webzen and the followup to MU Online.,https://www.freetogame.com/open/mu-legend,MMORPG,PC (Windows),VALOFE,VALOFE,2017-03-23,https://www.freetogame.com/mu-legend,2017,mu legend,,,,,,,,,,87.0,MMORPG,PC (Windows),VALOFE,VALOFE,2017-03-23,https://www.mmobomb.com/mu-legend,True,True,True,True
88,Shadowverse,https://www.freetogame.com/g/88/thumbnail.jpg,A free-to-play strategic CCG developed and published by Cygamesm the creators of Rage of Bahamut and Granblu Fantasy.,https://www.freetogame.com/open/shadowverse,Card Game,PC (Windows),"Cygames, Inc.","Cygames, Inc.",2016-10-28,https://www.freetogame.com/shadowverse,2016,shadowverse,,,,,,,,,,88.0,Card Game,PC (Windows),"Cygames, Inc.","Cygames, Inc.",2016-10-28,https://www.mmobomb.com/shadowverse,True,True,True,True
89,AdventureQuest 3D,https://www.freetogame.com/g/89/thumbnail.jpg,A free to play cross-platform MMORPG from the creators of the original 2D RPG game.,https://www.freetogame.com/open/adventurequest-3d,MMORPG,PC (Windows),Artix Entertainment,Artix Entertainment,2016-10-19,https://www.freetogame.com/adventurequest-3d,2016,adventurequest 3d,,,,,,,,,,89.0,MMORPG,PC (Windows),Artix Entertainment,Artix Entertainment,2016-10-19,https://www.mmobomb.com/adventurequest-3d,True,True,True,True
91,Eternal,https://www.freetogame.com/g/91/thumbnail.jpg,"A strategy card game designed to take the best elements of Magic the Gathering, Hearthstone, and Hex and combine them all into one game.",https://www.freetogame.com/open/eternal,Card Game,PC (Windows),Dire Wolf Digital,Dire Wolf Digital,2018-11-15,https://www.freetogame.com/eternal,2018,eternal,,,,,,,,,,91.0,Card Game,PC (Windows),Dire Wolf Digital,Dire Wolf Digital,2018-11-15,https://www.mmobomb.com/eternal,True,True,True,True
92,One Tower,https://www.freetogame.com/g/92/thumbnail.jpg,"A unique 1v1 MOBA known as a ""micro-moba"" developed and published by SkyReacher following a successful Kickstarter.",https://www.freetogame.com/open/one-tower,MOBA,PC (Windows),SkyReacher Entertainment,SkyReacher Entertainment,2016-11-11,https://www.freetogame.com/one-tower,2016,one tower,,,,,,,,,,92.0,MOBA,PC (Windows),SkyReacher Entertainment,SkyReacher Entertainment,2016-11-11,https://www.mmobomb.com/one-tower,True,True,True,True
93,Riding Club Championships,https://www.freetogame.com/g/93/thumbnail.jpg,An online competitive horse riding game inspired by traditional equestrian disciplines.,https://www.freetogame.com/open/riding-club-championships,Racing,PC (Windows),Artplant,Artplant,2016-09-27,https://www.freetogame.com/riding-club-championships,2016,riding club championships,,,,,,,,,,93.0,Racing,PC (Windows),Artplant,Artplant,2016-09-27,https://www.mmobomb.com/riding-club-championships,True,True,True,True
94,Battlerite,https://www.freetogame.com/g/94/thumbnail.jpg,A free-to-play team arena brawler developed by Stunlock Studios. Players play as one of several available champions on teams in 2v2 or 3v3 matches.,https://www.freetogame.com/open/battlerite,MOBA,PC (Windows),Stunlock Studios,Stunlock Studios,2016-09-21,https://www.freetogame.com/battlerite,2016,battlerite,,,,,,,,,,94.0,MOBA,PC (Windows),Stunlock Studios,Stunlock Studios,2016-09-21,https://www.mmobomb.com/battlerite,True,True,True,True
95,Paladins,https://www.freetogame.com/g/95/thumbnail.jpg,"A free-to-play team-based shooter developed and published by Hi-Rez Games, the creators of SMITE.",https://www.freetogame.com/open/paladins,Shooter,PC (Windows),Hi-Rez Studios,Hi-Rez Studios,2016-09-16,https://www.freetogame.com/paladins,2016,paladins,,,,,,,,,,95.0,Shooter,PC (Windows),Hi-Rez Studios,Hi-Rez Studios,2016-09-16,https://www.mmobomb.com/paladins,True,True,True,True
104,Fallout Shelter,https://www.freetogame.com/g/104/thumbnail.jpg,A free-to-play simulation game based on Bethesda Game Studios' popular Fallout franchise.,https://www.freetogame.com/open/fallout-shelter,Strategy,PC (Windows),Bethesda Game Studios,Bethesda Game Studios,2015-06-14,https://www.freetogame.com/fallout-shelter,2015,fallout shelter,,,,,,,,,,104.0,Strategy,PC (Windows),Bethesda Game Studios,Bethesda Game Studios,2015-06-14,https://www.mmobomb.com/fallout-shelter,True,True,True,True
106,Riders of Icarus,https://www.freetogame.com/g/106/thumbnail.jpg,"A free-to-play action MMORPG featuring mounted, in-air combat.",https://www.freetogame.com/open/riders-of-icarus,MMORPG,PC (Windows),VALOFE,WeMade,2016-07-06,https://www.freetogame.com/riders-of-icarus,2016,riders of icarus,,,,,,,,,,106.0,MMORPG,PC (Windows),VALOFE,WeMade,2016-07-06,https://www.mmobomb.com/riders-of-icarus,True,True,True,True
108,Zula,https://www.freetogame.com/g/108/thumbnail.jpg,A free-to-play online FPS developed and published by IDC/Games.,https://www.freetogame.com/open/zula,Shooter,PC (Windows),IDC/Games,IDC/Games,2016-06-23,https://www.freetogame.com/zula,2016,zula,,,,,,,,,,108.0,Shooter,PC (Windows),IDC/Games,IDC/Games,2016-06-23,https://www.mmobomb.com/zula,True,True,True,True
109,LuckCatchers,https://www.freetogame.com/g/109/thumbnail.jpg,A free-to-play sandbox sim based on the novels of fantasy and steam-punk author A. Pehov.,https://www.freetogame.com/open/luckcatchers,MMORPG,PC (Windows),DiP Online,DiP Online,2016-06-15,https://www.freetogame.com/luckcatchers,2016,luckcatchers,,,,,,,,,,109.0,MMORPG,PC (Windows),DiP Online,DiP Online,2016-06-15,https://www.mmobomb.com/luckcatchers,True,True,True,True
110,UFO Online: Invasion,https://www.freetogame.com/g/110/thumbnail.jpg,"A free-to-play post-apocalyptic, turn-based tactical combat MMO developed by Bad Pixel.",https://www.freetogame.com/open/ufo-online-invasion,MMORPG,PC (Windows),Bad Pixel,Bad Pixel,2016-06-08,https://www.freetogame.com/ufo-online-invasion,2016,ufo online: invasion,,,,,,,,,,110.0,MMORPG,PC (Windows),Bad Pixel,Bad Pixel,2016-06-08,https://www.mmobomb.com/ufo-online-invasion,True,True,True,True
112,Weapons Of Mythology,https://www.freetogame.com/g/112/thumbnail.jpg,A 3D free-to-play fantasy MMORPG published by IDC/Games.,https://www.freetogame.com/open/weapons-of-mythology,MMORPG,PC (Windows),IDC/Games,Gamemag,2016-06-07,https://www.freetogame.com/weapons-of-mythology,2016,weapons of mythology,,,,,,,,,,112.0,MMORPG,PC (Windows),IDC/Games,Gamemag,2016-06-07,https://www.mmobomb.com/weapons-of-mythology,True,True,True,True
116,Tree of Savior,https://www.freetogame.com/g/116/thumbnail.jpg,"A fantasy 3D MMORPG with a massive freedom of choice, cute looking characters and a distinct art style.",https://www.freetogame.com/open/tree-of-savior,MMORPG,PC (Windows),IMC Games,IMC Games,2016-05-10,https://www.freetogame.com/tree-of-savior,2016,tree of savior,,,,,,,,,,116.0,MMORPG,PC (Windows),IMC Games,IMC Games,2016-05-10,https://www.mmobomb.com/tree-of-savior,True,True,True,True
117,Astral Heroes,https://www.freetogame.com/g/117/thumbnail.jpg,A free-to-play collectable card game from the creators of Astral Masters.,https://www.freetogame.com/open/astral-heroes,Card Game,PC (Windows),Apus Software,Apus Software,2016-03-15,https://www.freetogame.com/astral-heroes,2016,astral heroes,,,,,,,,,,117.0,Card Game,PC (Windows),Apus Software,Apus Software,2016-03-15,https://www.mmobomb.com/astral-heroes,True,True,True,True
118,Starbreak,https://www.freetogame.com/g/118/thumbnail.jpg,A Roguelike MMORPG with MetroidVania-style platformer gameplay! Castlevania and Metroid fans will love this game!,https://www.freetogame.com/open/starbreak,MMORPG,"PC (Windows), Web Browser",Crunchy Games,Crunchy Games,2016-05-10,https://www.freetogame.com/starbreak,2016,starbreak,,,,,,,,,,118.0,MMORPG,"PC (Windows), Web Browser",Crunchy Games,Crunchy Games,2016-05-10,https://www.mmobomb.com/starbreak,True,True,True,True
119,Fantasy Tales Online,https://www.freetogame.com/g/119/thumbnail.jpg,"A free-to-play, retro MMO featuring puzzles, a rich crafting system and Randomly generated dungeons!",https://www.freetogame.com/open/fantasy-tales-online,MMORPG,PC (Windows),Cold Tea Studio,Cold Tea Studio,2016-05-06,https://www.freetogame.com/fantasy-tales-online,2016,fantasy tales online,,,,,,,,,,119.0,MMORPG,PC (Windows),Cold Tea Studio,Cold Tea Studio,2016-05-06,https://www.mmobomb.com/fantasy-tales-online,True,True,True,True
120,Luna Online: Reborn,https://www.freetogame.com/g/120/thumbnail.jpg,"A free-to-play, anime themed fantasy MMORPG and a remake of the previous Luna MMO!",https://www.freetogame.com/open/luna-online,MMORPG,PC (Windows),Suba Games,Suba Games,2017-10-17,https://www.freetogame.com/luna-online,2017,luna online: reborn,,,,,,,,,,120.0,MMORPG,PC (Windows),Suba Games,Suba Games,2017-10-17,https://www.mmobomb.com/luna-online,True,True,True,True
124,Holodrive,https://www.freetogame.com/g/124/thumbnail.jpg,"A free-to-play 2D multiplayer shooter developed by BitCake Studio and published by Versus Evil in which players play as customizable robots or ""Dummys"".",https://www.freetogame.com/open/holodrive,Shooter,PC (Windows),Versus Evil,BitCake Studio,2016-03-24,https://www.freetogame.com/holodrive,2016,holodrive,,,,,,,,,,124.0,Shooter,PC (Windows),Versus Evil,BitCake Studio,2016-03-24,https://www.mmobomb.com/holodrive,True,True,True,True
125,Atom Universe,https://www.freetogame.com/g/125/thumbnail.jpg,A free-to-play multiplayer online social Virtual World set in a theme park.,https://www.freetogame.com/open/atom-universe,Social,PC (Windows),Atom Republic,Atom Republic,2016-02-27,https://www.freetogame.com/atom-universe,2016,atom universe,,,,,,,,,,125.0,Social,PC (Windows),Atom Republic,Atom Republic,2016-02-27,https://www.mmobomb.com/atom-universe,True,True,True,True
128,Spellweaver,https://www.freetogame.com/g/128/thumbnail.jpg,A free-to-play multiplayer online collectible card game that requires deep strategic and thinking.,https://www.freetogame.com/open/spellweaver,Card Game,PC (Windows),Dream Reactor,Dream Reactor,2016-02-02,https://www.freetogame.com/spellweaver,2016,spellweaver,,,,,,,,,,128.0,Card Game,PC (Windows),Dream Reactor,Dream Reactor,2016-02-02,https://www.mmobomb.com/spellweaver,True,True,True,True
134,War Trigger 3,https://www.freetogame.com/g/134/thumbnail.jpg,"A MMO shooter with infantry, vehicle, and air combat across massive maps!",https://www.freetogame.com/open/wt3,Shooter,PC (Windows),Rocketeer Games,Rocketeer Games,2015-12-23,https://www.freetogame.com/wt3,2015,war trigger 3,,,,,,,,,,134.0,Shooter,PC (Windows),Rocketeer Games,Rocketeer Games,2015-12-23,https://www.mmobomb.com/wt3,True,True,True,True
136,VEGA Conflict,https://www.freetogame.com/g/136/thumbnail.jpg,A Cross-Platform free to play 2D sci-fi strategy MMO.,https://www.freetogame.com/open/vega-conflict,Strategy,PC (Windows),KIXEYE,KIXEYE,2015-12-15,https://www.freetogame.com/vega-conflict,2015,vega conflict,,,,,,,,,,136.0,Strategy,PC (Windows),KIXEYE,KIXEYE,2015-12-15,https://www.mmobomb.com/vega-conflict,True,True,True,True
137,Metal War Online: Retribution,https://www.freetogame.com/g/137/thumbnail.jpg,A high-speed multiplayer online concept car shooter game with racing elements!,https://www.freetogame.com/open/metal-war-online,Shooter,PC (Windows),GDT Limited,GDT Limited,2015-12-11,https://www.freetogame.com/metal-war-online,2015,metal war online: retribution,,,,,,,,,,137.0,Shooter,PC (Windows),GDT Limited,GDT Limited,2015-12-11,https://www.mmobomb.com/metal-war-online,True,True,True,True
139,Immortal Empire,https://www.freetogame.com/g/139/thumbnail.jpg,A free to play multiplayer strategy RPG developed by Tactic Studios.,https://www.freetogame.com/open/immortal-empire,MMORPG,PC (Windows),Tactic Studios Inc.,Tactic Studios Inc.,2015-12-03,https://www.freetogame.com/immortal-empire,2015,immortal empire,,,,,,,,,,139.0,MMORPG,PC (Windows),Tactic Studios Inc.,Tactic Studios Inc.,2015-12-03,https://www.mmobomb.com/immortal-empire,True,True,True,True
149,America’s Army: Proving Grounds,https://www.freetogame.com/g/149/thumbnail.jpg,"Take a first person shooter, have the game developed by the U.S. Army and you’ve got America’s Army.",https://www.freetogame.com/open/americas-army,Shooter,PC (Windows),U.S. Army,U.S. Army,2015-10-01,https://www.freetogame.com/americas-army,2015,america’s army: proving grounds,,,,,,,,,,149.0,Shooter,PC (Windows),U.S. Army,U.S. Army,2015-10-01,https://www.mmobomb.com/americas-army,True,True,True,True
152,WARMODE,https://www.freetogame.com/g/152/thumbnail.jpg,"A Free to play multiplayer online shooter. Sight in enemies to master Headshots, Double Kills and Triple Kills!",https://www.freetogame.com/open/warmode,Shooter,PC (Windows),WARTEAM,WARTEAM,2015-08-26,https://www.freetogame.com/warmode,2015,warmode,,,,,,,,,,152.0,Shooter,PC (Windows),WARTEAM,WARTEAM,2015-08-26,https://www.mmobomb.com/warmode,True,True,True,True
154,Sphere 3: Enchanted World,https://www.freetogame.com/g/154/thumbnail.jpg,A fantasy action MMORPG with a non-target combat system.,https://www.freetogame.com/open/sphere-3,MMORPG,PC (Windows),NIKITA ONLINE,NIKITA ONLINE,2015-08-18,https://www.freetogame.com/sphere-3,2015,sphere 3: enchanted world,,,,,,,,,,154.0,MMORPG,PC (Windows),NIKITA ONLINE,NIKITA ONLINE,2015-08-18,https://www.mmobomb.com/sphere-3,True,True,True,True
157,Fishing Planet,https://www.freetogame.com/g/157/thumbnail.jpg,A Free to play realistic online first-person multiplayer fishing simulator!,https://www.freetogame.com/open/fishing-planet,Sports,PC (Windows),Fishing Planet LLC,Fishing Planet LLC,2015-08-11,https://www.freetogame.com/fishing-planet,2015,fishing planet,,,,,,,,,,157.0,Sports,PC (Windows),Fishing Planet LLC,Fishing Planet LLC,2015-08-11,https://www.mmobomb.com/fishing-planet,True,True,True,True
159,Codename CURE,https://www.freetogame.com/g/159/thumbnail.jpg,"A free to play 3D MMOFPS featuring cooperative play, and objective-based missions.",https://www.freetogame.com/open/codename-cure,Shooter,PC (Windows),Hoobalugalar_X,Hoobalugalar_X,2015-07-18,https://www.freetogame.com/codename-cure,2015,codename cure,,,,,,,,,,159.0,Shooter,PC (Windows),Hoobalugalar_X,Hoobalugalar_X,2015-07-18,https://www.mmobomb.com/codename-cure,True,True,True,True
163,Card Hunter,https://www.freetogame.com/g/163/thumbnail.jpg,"A free online collectible card game which blends together role-playing, card play and tactical combat.",https://www.freetogame.com/open/card-hunter,Card Game,"PC (Windows), Web Browser",Blue Manchu,Blue Manchu,2015-07-14,https://www.freetogame.com/card-hunter,2015,card hunter,,,,,,,,,,163.0,Card Game,"PC (Windows), Web Browser",Blue Manchu,Blue Manchu,2015-07-14,https://www.mmobomb.com/card-hunter,True,True,True,True
167,Salem,https://www.freetogame.com/g/167/thumbnail.jpg,"A free-to-play, sandbox type MMO based on the times and trials of living.",https://www.freetogame.com/open/salem,MMORPG,PC (Windows),Mortal Moments,John Carver,2015-06-19,https://www.freetogame.com/salem,2015,salem,,,,,,,,,,167.0,MMORPG,PC (Windows),Mortal Moments,John Carver,2015-06-19,https://www.mmobomb.com/salem,True,True,True,True
168,Heroes of the Storm,https://www.freetogame.com/g/168/thumbnail.jpg,A free to play MOBA developed by Blizzard Entertainment.,https://www.freetogame.com/open/heroes-of-the-storm,MOBA,PC (Windows),Blizzard Entertainment,Blizzard Entertainment,2015-06-02,https://www.freetogame.com/heroes-of-the-storm,2015,heroes of the storm,,,,,,,,,,168.0,MOBA,PC (Windows), Blizzard Entertainment, Blizzard Entertainment,2015-06-02,https://www.mmobomb.com/heroes-of-the-storm,True,True,True,True
169,Dirty Bomb,https://www.freetogame.com/g/169/thumbnail.jpg,A free-to-play first person shooter multiplayer game set in a post-apocalyptic London.,https://www.freetogame.com/open/dirty-bomb,Shooter,PC (Windows),Warchest Ltd.,Splash Damage,2015-06-01,https://www.freetogame.com/dirty-bomb,2015,dirty bomb,,,,,,,,,,169.0,Shooter,PC (Windows),"
Warchest Ltd.",Splash Damage,2015-06-01,https://www.mmobomb.com/dirty-bomb,True,True,False,True
175,Survarium,https://www.freetogame.com/g/175/thumbnail.jpg,A free to play post-apocalyptic online FPS game.,https://www.freetogame.com/open/survarium,Shooter,PC (Windows),Vostok Games,Vostok Games,2015-04-02,https://www.freetogame.com/survarium,2015,survarium,,,,,,,,,,,,,,,,,,,,
177,Dungeon Fighter Online,https://www.freetogame.com/g/177/thumbnail.jpg,A free to play arcade-style side-scrolling action game mixed with RPG elements.,https://www.freetogame.com/open/dungeon-fighter-online,Fighting,PC (Windows),Neople,Neople (Subsidiary of Nexon),2015-03-24,https://www.freetogame.com/dungeon-fighter-online,2015,dungeon fighter online,,,,,,,,,,177.0,Fighting,PC (Windows),Neople,Neople (Subsidiary of Nexon),2015-03-24,https://www.mmobomb.com/dungeon-fighter-online,True,True,True,True
179,Transformice,https://www.freetogame.com/g/179/thumbnail.jpg,A cute little free-to-play MMO platformer.,https://www.freetogame.com/open/transformice,Fantasy,"PC (Windows), Web Browser",Atelier 801,Atelier 801,2015-01-30,https://www.freetogame.com/transformice,2015,transformice,,,,,,,,,,179.0,Fantasy,"PC (Windows), Web Browser",Atelier 801,Atelier 801,2015-01-30,https://www.mmobomb.com/transformice,True,True,True,True
180,Gear Up,https://www.freetogame.com/g/180/thumbnail.jpg,Control your unique tank or robot in multiplayer arcade action!,https://www.freetogame.com/open/gear-up,Shooter,PC (Windows),Doctor Entertainment,Doctor Entertainment,2015-01-29,https://www.freetogame.com/gear-up,2015,gear up,,,,,,,,,,180.0,Shooter,PC (Windows),Doctor Entertainment,Doctor Entertainment,2015-01-29,https://www.mmobomb.com/gear-up,True,True,True,True
181,8BitMMO,https://www.freetogame.com/g/181/thumbnail.jpg,A free to play retro­-style 2D MMO and a giant construction sandbox!,https://www.freetogame.com/open/8bitmmo,MMORPG,"PC (Windows), Web Browser",Archive Entertainment,Archive Entertainment,2015-01-26,https://www.freetogame.com/8bitmmo,2015,8bitmmo,,,,,,,,,,181.0,MMORPG,"PC (Windows), Web Browser",Archive Entertainment,Archive Entertainment,2015-01-26,https://www.mmobomb.com/8bitmmo,True,True,True,True
182,Dungeon Defenders 2,https://www.freetogame.com/g/182/thumbnail.jpg,A free-to-play cooperative 3D tower-defense game by Trendy Entertainment.,https://www.freetogame.com/open/dungeon-defenders-2,Shooter,PC (Windows),Trendy Entertainment,Trendy Entertainment,2014-12-05,https://www.freetogame.com/dungeon-defenders-2,2014,dungeon defenders 2,,,,,,,,,,182.0,Shooter,PC (Windows),Trendy Entertainment,Trendy Entertainment,2014-12-05,https://www.mmobomb.com/dungeon-defenders-2,True,True,True,True
184,Blockade 3D,https://www.freetogame.com/g/184/thumbnail.jpg,A free to play FPS in an editable procedural world.,https://www.freetogame.com/open/blockade-3d,Shooter,PC (Windows),Shumkov Dmitriy,Shumkov Dmitriy,2014-11-05,https://www.freetogame.com/blockade-3d,2014,blockade 3d,,,,,,,,,,184.0,Shooter,PC (Windows),Shumkov Dmitriy,Shumkov Dmitriy,2014-11-05,https://www.mmobomb.com/blockade-3d,True,True,True,True
185,Eldevin,https://www.freetogame.com/g/185/thumbnail.jpg,A indie story-driven Free to Play MMORPG.,https://www.freetogame.com/open/eldevin,MMORPG,"PC (Windows), Web Browser",Hunted Cow Studios,Hunted Cow Studios,2014-11-05,https://www.freetogame.com/eldevin,2014,eldevin,,,,,,,,,,185.0,MMORPG,"PC (Windows), Web Browser",Hunted Cow Studios,Hunted Cow Studios,2014-11-05,https://www.mmobomb.com/eldevin,True,True,True,True
186,Double Action,https://www.freetogame.com/g/186/thumbnail.jpg,A free to play FPS with bullet time and stylish kills!,https://www.freetogame.com/open/double-action,Shooter,PC (Windows),Double Action Factory,Double Action Factory,2014-10-23,https://www.freetogame.com/double-action,2014,double action,,,,,,,,,,186.0,Shooter,PC (Windows),Double Action Factory,Double Action Factory,2014-10-23,https://www.mmobomb.com/double-action,True,True,True,True
187,Pox Nora,https://www.freetogame.com/g/187/thumbnail.jpg,A multiplayer online game that combines a collectible card game with a turn-based strategy game.,https://www.freetogame.com/open/pox-nora,Card Game,PC (Windows),Desert Owl Games LLC,Desert Owl Games LLC,2014-10-15,https://www.freetogame.com/pox-nora,2014,pox nora,,,,,,,,,,187.0,Card Game,PC (Windows),Desert Owl Games LLC,Desert Owl Games LLC,2014-10-15,https://www.mmobomb.com/pox-nora,True,True,True,True
188,Counter-Strike Nexon,https://www.freetogame.com/g/188/thumbnail.jpg,What's better than Counter-Strike? Counter-Strike with more modes and Zombies!,https://www.freetogame.com/open/counter-strike-nexon,Shooter,PC (Windows),Nexon Europe GmbH,Nexon,2014-10-07,https://www.freetogame.com/counter-strike-nexon,2014,counter-strike nexon,,,,,,,,,,188.0,Shooter,PC (Windows),Nexon Europe GmbH,Nexon,2014-10-07,https://www.mmobomb.com/counter-strike-nexon,True,True,True,True
189,Uncharted Waters Online,https://www.freetogame.com/g/189/thumbnail.jpg,A free to play adventure MMORPG set on the high seas!,https://www.freetogame.com/open/uncharted-waters-online,MMORPG,PC (Windows),Papaya Play,"KOEI TECMO GAMES CO., LTD.",2014-10-03,https://www.freetogame.com/uncharted-waters-online,2014,uncharted waters online,,,,,,,,,,189.0,MMORPG,PC (Windows),Papaya Play,"KOEI TECMO GAMES CO., LTD.",2014-10-03,https://www.mmobomb.com/uncharted-waters-online,True,True,True,True
190,Ryzom,https://www.freetogame.com/g/190/thumbnail.jpg,An MMORPG where players are immersed in a massive sandbox world.,https://www.freetogame.com/open/ryzom,MMORPG,PC (Windows),Winch Gate,Nevrax,2004-09-19,https://www.freetogame.com/ryzom,2004,ryzom,,,,,,,,,,190.0,MMORPG,PC (Windows),Winch Gate,Nevrax,2004-09-19,https://www.mmobomb.com/ryzom,True,True,True,True
192,WAKFU,https://www.freetogame.com/g/192/thumbnail.jpg,"A 2D tactical turn-based fantasy MMORPG developed by Ankama Games, in conjunction with Square Enix.",https://www.freetogame.com/open/wakfu,MMORPG,PC (Windows),Ankama Games,Ankama Studio,2014-09-19,https://www.freetogame.com/wakfu,2014,wakfu,,,,,,,,,,192.0,MMORPG,PC (Windows),Ankama Games,Ankama Studio,2014-09-19,https://www.mmobomb.com/wakfu,True,True,True,True
193,Infinity Wars,https://www.freetogame.com/g/193/thumbnail.jpg,"A MMO trading card game, Build up your decks and customize them with tons of factional cards!",https://www.freetogame.com/open/infinity-wars,Card Game,PC (Windows),Lightmare Studios,Lightmare Studios,2014-09-05,https://www.freetogame.com/infinity-wars,2014,infinity wars,,,,,,,,,,193.0,Card Game,PC (Windows),Lightmare Studios,Lightmare Studios,2014-09-05,https://www.mmobomb.com/infinity-wars,True,True,True,True
195,Divine Souls,https://www.freetogame.com/g/195/thumbnail.jpg,A action-based MMORPG in a fantasy world with magic and technology.,https://www.freetogame.com/open/divine-souls,MMORPG,PC (Windows),Suba Games,GamePrix,2014-08-15,https://www.freetogame.com/divine-souls,2014,divine souls,,,,,,,,,,195.0,MMORPG,PC (Windows),Suba Games,GamePrix,2014-08-15,https://www.mmobomb.com/divine-souls,True,True,True,True
196,Cubic Castles,https://www.freetogame.com/g/196/thumbnail.jpg,A free to play 3D Platforming and a open world building game.,https://www.freetogame.com/open/cubic-castles,MMO,PC (Windows),Cosmic Cow LLC,Cosmic Cow LLC,2014-08-13,https://www.freetogame.com/cubic-castles,2014,cubic castles,,,,,,,,,,196.0,MMO,PC (Windows),Cosmic Cow LLC,Cosmic Cow LLC,2014-08-13,https://www.mmobomb.com/cubic-castles,True,True,True,True
199,Royal Quest,https://www.freetogame.com/g/199/thumbnail.jpg,"A free to play fantasy MMORPG game with unique PvPvE locations, PvP Arenas, Battlegrounds and Castle Sieges.",https://www.freetogame.com/open/royal-quest,MMORPG,PC (Windows),1C Online Games,Katauri,2014-08-06,https://www.freetogame.com/royal-quest,2014,royal quest,,,,,,,,,,199.0,MMORPG,PC (Windows),1C Online Games,Katauri,2014-08-06,https://www.mmobomb.com/royal-quest,True,True,True,True
204,Unturned,https://www.freetogame.com/g/204/thumbnail.jpg,A independently developed free-to-play MMO survival game!,https://www.freetogame.com/open/unturned,Shooter,PC (Windows),Smartly Dressed Games,Smartly Dressed Games,2014-07-08,https://www.freetogame.com/unturned,2014,unturned,,,,,,,,,,204.0,Shooter,PC (Windows),Smartly Dressed Games,Smartly Dressed Games,2014-07-08,https://www.mmobomb.com/unturned,True,True,True,True
205,Elsword,https://www.freetogame.com/g/205/thumbnail.jpg,A Free to Play 3D side scrolling action MMORPG with many heroes.,https://www.freetogame.com/open/elsword,MMORPG,PC (Windows),KOG Games,KOG,2011-03-23,https://www.freetogame.com/elsword,2011,elsword,,,,,,,,,,205.0,MMORPG,PC (Windows),KOG Games,KOG,2011-03-23,https://www.mmobomb.com/elsword,True,True,True,True
206,Aura Kingdom,https://www.freetogame.com/g/206/thumbnail.jpg,Aura Kingdom is a 3D free-to-play Anime MMORPG from the same great studio that brought us Eden Eterna.,https://www.freetogame.com/open/aura-kingdom,MMORPG,PC (Windows),X-Legend,X-Legend,2013-12-23,https://www.freetogame.com/aura-kingdom,2013,aura kingdom,,,,,,,,,,206.0,MMORPG,PC (Windows),X-Legend,X-Legend,2013-12-23,https://www.mmobomb.com/aura-kingdom,True,True,True,True
207,Warface,https://www.freetogame.com/g/207/thumbnail.jpg,"A free-to-play multiplayer online FPS from Crytek, makers of the Far Cry and Crysis series of games.",https://www.freetogame.com/open/warface,Shooter,PC (Windows),Crytek,Crytek,2014-07-01,https://www.freetogame.com/warface,2014,warface,,,,,,,,,,207.0,Shooter,PC (Windows),Crytek,Crytek,2014-07-01,https://www.mmobomb.com/warface,True,True,True,True
209,Freestyle2: Street Basketball,https://www.freetogame.com/g/209/thumbnail.jpg,A free to play MMO street basketball game. Team up with the best street ballers!,https://www.freetogame.com/open/freestyle2-street-basketball,Sports,PC (Windows),Joycity,Joycity,2014-06-20,https://www.freetogame.com/freestyle2-street-basketball,2014,freestyle2: street basketball,,,,,,,,,,209.0,Sports,PC (Windows),Joycity,Joycity,2014-06-20,https://www.mmobomb.com/freestyle2-street-basketball,True,True,True,True
210,Fistful of Frags,https://www.freetogame.com/g/210/thumbnail.jpg,A first person shooter game set in the Wild West!,https://www.freetogame.com/open/fistful-of-frags,Shooter,PC (Windows),Fistful of Frags Team,Fistful of Frags Team,2014-05-10,https://www.freetogame.com/fistful-of-frags,2014,fistful of frags,,,,,,,,,,210.0,Shooter,PC (Windows),Fistful of Frags Team,Fistful of Frags Team,2014-05-10,https://www.mmobomb.com/fistful-of-frags,True,True,True,True
211,GunZ 2: The Second Duel,https://www.freetogame.com/g/211/thumbnail.jpg,A free-to-play multiplayer Third Person Shooter and follow up to the successful GunZ: The Duel.,https://www.freetogame.com/open/gunz-2,Shooter,PC (Windows),MAIET Entertainme,MAIET Entertainme,2014-05-01,https://www.freetogame.com/gunz-2,2014,gunz 2: the second duel,,,,,,,,,,211.0,Shooter,PC (Windows),MAIET Entertainme,MAIET Entertainme,2014-05-01,https://www.mmobomb.com/gunz-2,True,True,True,True
212,Brawlhalla,https://www.freetogame.com/g/212/thumbnail.jpg,A free-to-play 2D platform fighter inspired by the Smash Bros.,https://www.freetogame.com/open/brawlhalla,Fighting,PC (Windows),Blue Mammoth Games,Blue Mammoth Games,2015-11-03,https://www.freetogame.com/brawlhalla,2015,brawlhalla,,,,,,,,,,212.0,Fighting,PC (Windows),Blue Mammoth Games,Blue Mammoth Games,2015-11-03,https://www.mmobomb.com/brawlhalla,True,True,True,True
213,Archeblade,https://www.freetogame.com/g/213/thumbnail.jpg,A free-to-play PvP-based multiplayer action game based on a Korean Fantasy Novel.,https://www.freetogame.com/open/archeblade,Fighting,PC (Windows),CodeBrush Games,CodeBrush Games,2014-04-25,https://www.freetogame.com/archeblade,2014,archeblade,,,,,,,,,,213.0,Fighting,PC (Windows),CodeBrush Games,CodeBrush Games,2014-04-25,https://www.mmobomb.com/archeblade,True,True,True,True
214,Villagers and Heroes,https://www.freetogame.com/g/214/thumbnail.jpg,A free-to-play fantasy sandbox 3D MMORPG that has plenty to offer gamers.,https://www.freetogame.com/open/villagers-and-heroes,MMORPG,PC (Windows),Mad Otter Games,Mad Otter Games,2014-04-17,https://www.freetogame.com/villagers-and-heroes,2014,villagers and heroes,,,,,,,,,,214.0,MMORPG,PC (Windows),Mad Otter Games,Mad Otter Games,2014-04-17,https://www.mmobomb.com/villagers-and-heroes,True,True,True,True
217,Smite,https://www.freetogame.com/g/217/thumbnail.jpg,A popular free-to-play 3D MOBA where you take on the role of an ancient god.,https://www.freetogame.com/open/smite,MOBA,PC (Windows),Hi-Rez Studios,Hi-Rez Studios,2014-03-25,https://www.freetogame.com/smite,2014,smite,,,,,,,,,,217.0,MOBA,PC (Windows),Hi-Rez Studios,Hi-Rez Studios,2014-03-25,https://www.mmobomb.com/smite,True,True,True,True
220,Hearthstone: Heroes of Warcraft,https://www.freetogame.com/g/220/thumbnail.jpg,Blizzard's free-to-play collectible card game that draws its inspiration from World of Warcraft.,https://www.freetogame.com/open/hearthstone-heroes-warcraft,Card Game,PC (Windows),Blizzard Entertainment,Blizzard Entertainment,2014-01-21,https://www.freetogame.com/hearthstone-heroes-warcraft,2014,hearthstone: heroes of warcraft,,,,,,,,,,,,,,,,,,,,
221,Lucent Heart,https://www.freetogame.com/g/221/thumbnail.jpg,A free to play MMORPG with a match making system that helps players find their soulmates.,https://www.freetogame.com/open/lucent-heart,MMORPG,PC (Windows),Suba Games,Playcoco (Subsidiary of Gamania),2014-01-10,https://www.freetogame.com/lucent-heart,2014,lucent heart,,,,,,,,,,221.0,MMORPG,PC (Windows),Suba Games,Playcoco (Subsidiary of Gamania),2014-01-10,https://www.mmobomb.com/lucent-heart,True,True,True,True
222,MechWarrior Online,https://www.freetogame.com/g/222/thumbnail.jpg,A free-to-play PvP game that's a faithful adaptation of the popular MechWarrior strategy board games.,https://www.freetogame.com/open/mechwarrior-online,Shooter,PC (Windows),Piranha Games Inc.,Piranha Games Inc.,2015-12-10,https://www.freetogame.com/mechwarrior-online,2015,mechwarrior online,,,,,,,,,,222.0,Shooter,PC (Windows),Piranha Games Inc.,Piranha Games Inc.,2015-12-10,https://www.mmobomb.com/mechwarrior-online,True,True,True,True
224,World of Warplanes,https://www.freetogame.com/g/224/thumbnail.jpg,A free-to-play flight combat MMO brought to you by Wargaming.,https://www.freetogame.com/open/world-of-warplanes,Shooter,PC (Windows),Wargaming,Wargaming,2013-11-12,https://www.freetogame.com/world-of-warplanes,2013,world of warplanes,,,,,,,,,,224.0,Shooter,PC (Windows),Wargaming,Wargaming,2013-11-12,https://www.mmobomb.com/world-of-warplanes,True,True,True,True
225,RIFT,https://www.freetogame.com/g/225/thumbnail.jpg,Trion Worlds’ flagship fantasy massively multiplayer online role-playing game.,https://www.freetogame.com/open/rift,MMORPG,PC (Windows),Trion Worlds,Trion Worlds,2013-10-24,https://www.freetogame.com/rift,2013,rift,,,,,,,,,,225.0,MMORPG,PC (Windows),Trion Worlds,Trion Worlds,2013-10-24,https://www.mmobomb.com/rift,True,True,True,True
226,Path of Exile,https://www.freetogame.com/g/226/thumbnail.jpg,A free-to-play massively multiplayer online ARPG in the style of Diablo.,https://www.freetogame.com/open/path-of-exile,MMORPG,PC (Windows),Grinding Gear Games,Grinding Gear Games,2013-10-23,https://www.freetogame.com/path-of-exile,2013,path of exile,,,,,,,,,,226.0,MMORPG,PC (Windows),Grinding Gear Games,Grinding Gear Games,2013-10-23,https://www.mmobomb.com/path-of-exile,True,True,True,True
229,Dota 2,https://www.freetogame.com/g/229/thumbnail.jpg,Valve's premiere competitive free to play MOBA.,https://www.freetogame.com/open/dota-2,MOBA,PC (Windows),Valve,Valve,2013-07-09,https://www.freetogame.com/dota-2,2013,dota 2,,,,,,,,,,229.0,MOBA,PC (Windows),Valve,Valve,2013-07-09,https://www.mmobomb.com/dota-2,True,True,True,True
230,Ragnarok Online 2,https://www.freetogame.com/g/230/thumbnail.jpg,"A 3D fantasy MMORPG, and sequel to the popular Ragnarok Online.",https://www.freetogame.com/open/ragnarok-online-2,MMORPG,PC (Windows),Gravity Interactive,"Gravity, Inc.",2013-05-01,https://www.freetogame.com/ragnarok-online-2,2013,ragnarok online 2,,,,,,,,,,230.0,MMORPG,PC (Windows),Gravity Interactive,"Gravity, Inc.",2013-05-01,https://www.mmobomb.com/ragnarok-online-2,True,True,True,True
231,Panzar,https://www.freetogame.com/g/231/thumbnail.jpg,A free-to-play multiplayer third-person shooter with rpg elements and CryEngine 3 powered graphics.,https://www.freetogame.com/open/panzar,MOBA,PC (Windows),Panzar,Troxit Service,2013-04-12,https://www.freetogame.com/panzar,2013,panzar,,,,,,,,,,231.0,MOBA,PC (Windows),Panzar,Troxit Service,2013-04-12,https://www.mmobomb.com/panzar,True,True,True,True
232,Age of Wushu,https://www.freetogame.com/g/232/thumbnail.jpg,A free-to-play martial arts action MMORPG with a large open world and sandbox-like features.,https://www.freetogame.com/open/age-of-wushu,MMORPG,PC (Windows),Snail Games,Snail Games,2012-12-20,https://www.freetogame.com/age-of-wushu,2012,age of wushu,,,,,,,,,,232.0,MMORPG,PC (Windows),Snail Games,Snail Games,2012-12-20,https://www.mmobomb.com/age-of-wushu,True,True,True,True
233,Kingdom Wars,https://www.freetogame.com/g/233/thumbnail.jpg,A free to play 3D MMORTS with real-time siege combat.,https://www.freetogame.com/open/kingdom-wars,Strategy,PC (Windows),"Reverie World Studios, INC","Reverie World Studios, INC",2013-04-01,https://www.freetogame.com/kingdom-wars,2013,kingdom wars,,,,,,,,,,233.0,Strategy,PC (Windows),"Reverie World Studios, INC","Reverie World Studios, INC",2013-04-01,https://www.mmobomb.com/kingdom-wars,True,True,True,True
234,Champions of Regnum,https://www.freetogame.com/g/234/thumbnail.jpg,"A free to play, realm versus realm fantasy MMORPG.",https://www.freetogame.com/open/champions-of-regnum,MMORPG,PC (Windows),NGD Studios,NGD Studios,2013-02-27,https://www.freetogame.com/champions-of-regnum,2013,champions of regnum,,,,,,,,,,234.0,MMORPG,PC (Windows),NGD Studios,NGD Studios,2013-02-27,https://www.mmobomb.com/champions-of-regnum,True,True,True,True
235,Star Conflict,https://www.freetogame.com/g/235/thumbnail.jpg,A free to play action-packed MMO space simulation game.,https://www.freetogame.com/open/star-conflict,Shooter,PC (Windows),Gaijin Entertainment,Star Gem Inc.,2013-02-28,https://www.freetogame.com/star-conflict,2013,star conflict,,,,,,,,,,235.0,Shooter,PC (Windows),Gaijin Entertainment,Star Gem Inc.,2013-02-28,https://www.mmobomb.com/star-conflict,True,True,True,True
239,Dogs of War Online,https://www.freetogame.com/g/239/thumbnail.jpg,Based on the famous miniature board game Confrontation!,https://www.freetogame.com/open/dogs-war-online,Strategy,PC (Windows),Cyanide,Cyanide,2014-02-04,https://www.freetogame.com/dogs-war-online,2014,dogs of war online,,,,,,,,,,239.0,Strategy,PC (Windows),Cyanide,Cyanide,2014-02-04,https://www.mmobomb.com/dogs-war-online,True,True,True,True
240,Epic Cards Battle,https://www.freetogame.com/g/240/thumbnail.jpg,A free to play online strategic trading card game with dozens of cards and five factions.,https://www.freetogame.com/open/epic-card-battle,Card Game,PC (Windows),momoStorm Entertainment,momoStorm,2013-01-29,https://www.freetogame.com/epic-card-battle,2013,epic cards battle,,,,,,,,,,240.0,Card Game,PC (Windows),momoStorm Entertainment,momoStorm,2013-01-29,https://www.mmobomb.com/epic-card-battle,True,True,True,True
241,Everquest,https://www.freetogame.com/g/241/thumbnail.jpg,"A fantasy MMORPG nearly two decades in the making. In fact, it’s the game that started it all!",https://www.freetogame.com/open/everquest,MMORPG,PC (Windows),Daybreak Games,Daybreak Games,2012-12-13,https://www.freetogame.com/everquest,2012,everquest,,,,,,,,,,241.0,MMORPG,PC (Windows),Daybreak Games,Daybreak Games,2012-12-13,https://www.mmobomb.com/everquest,True,True,True,True
242,Mabinogi,https://www.freetogame.com/g/242/thumbnail.jpg,A free-to-play adventure MMORPG where you can create a unique character and live your fantasy life.,https://www.freetogame.com/open/mabinogi,MMORPG,PC (Windows),Nexon America Inc.,NEXON Korea Corp.,2012-12-06,https://www.freetogame.com/mabinogi,2012,mabinogi,,,,,,,,,,242.0,MMORPG,PC (Windows),Nexon America Inc.,NEXON Korea Corp.,2012-12-06,https://www.mmobomb.com/mabinogi,True,True,True,True
243,PlanetSide 2,https://www.freetogame.com/g/243/thumbnail.jpg,A free-to-play open-world FPS that pits three factions against each other in a never-ending war.,https://www.freetogame.com/open/planetside-2,Shooter,PC (Windows),Daybreak Games,Daybreak Games,2012-11-21,https://www.freetogame.com/planetside-2,2012,planetside 2,,,,,,,,,,243.0,Shooter,PC (Windows),Daybreak Games,Daybreak Games,2012-11-21,https://www.mmobomb.com/planetside-2,True,True,True,True
244,AirMech,https://www.freetogame.com/g/244/thumbnail.jpg,A free to play Action RTS with MOBA elements.,https://www.freetogame.com/open/airmech,Strategy,PC (Windows),Carbon Games,Carbon Games,2012-11-08,https://www.freetogame.com/airmech,2012,airmech,,,,,,,,,,244.0,Strategy,PC (Windows),Carbon Games,Carbon Games,2012-11-08,https://www.mmobomb.com/airmech,True,True,True,True
246,Pirate 101,https://www.freetogame.com/g/246/thumbnail.jpg,A free to play Pirate-themed MMORPG designed with kids in mind.,https://www.freetogame.com/open/pirate-101,MMORPG,PC (Windows),KingsIsle Entertainment,KingsIsle Entertainment,2012-10-15,https://www.freetogame.com/pirate-101,2012,pirate 101,,,,,,,,,,246.0,MMORPG,PC (Windows),KingsIsle Entertainment,KingsIsle Entertainment,2012-10-15,https://www.mmobomb.com/pirate-101,True,True,True,True
248,Continent of the Ninth Seal,https://www.freetogame.com/g/248/thumbnail.jpg,A free MMORPG where players take part as heroes of Glenheim to stand together against Nefer.,https://www.freetogame.com/open/c9,MMORPG,PC (Windows),Webzen,NHN Games (Acquired by Webzen),2012-09-13,https://www.freetogame.com/c9,2012,continent of the ninth seal,,,,,,,,,,248.0,MMORPG,PC (Windows),Webzen,NHN Games (Acquired by Webzen),2012-09-13,https://www.mmobomb.com/c9,True,True,True,True
249,RPG MO,https://www.freetogame.com/g/249/thumbnail.jpg,A nostalgic free MMORPG reminiscent of old-school RPG's like Ultima and Runescape.,https://www.freetogame.com/open/rpg-mo,MMORPG,"PC (Windows), Web Browser",Marxnet,Marxnet,2012-07-18,https://www.freetogame.com/rpg-mo,2012,rpg mo,,,,,,,,,,249.0,MMORPG,"PC (Windows), Web Browser",Marxnet,Marxnet,2012-07-18,https://www.mmobomb.com/rpg-mo,True,True,True,True
251,The Lord of the Rings Online,https://www.freetogame.com/g/251/thumbnail.jpg,A free to play MMORPG set in the world of J.R.R. Tolkien's classic fantasy saga.,https://www.freetogame.com/open/lotro,MMORPG,PC (Windows),Warner Bros. Interactive Entertainment,"Turbine, Inc.",2001-04-24,https://www.freetogame.com/lotro,2001,the lord of the rings online,,,,,,,,,,251.0,MMORPG,PC (Windows),Warner Bros. Interactive Entertainment,"Turbine, Inc.",2001-04-24,https://www.mmobomb.com/lotro,True,True,True,True
254,AION,https://www.freetogame.com/g/254/thumbnail.jpg,"A high fantasy, free-to-play MMORPG that centers on the war between the game’s two factions: The Asmodians and the Elyos.",https://www.freetogame.com/open/aion,MMORPG,PC (Windows),NCSOFT,NCSOFT,2008-11-25,https://www.freetogame.com/aion,2008,aion,,,,,,,,,,254.0,MMORPG,PC (Windows),NCSOFT,NCSOFT,2008-11-25,https://www.mmobomb.com/aion,True,True,True,True
255,Stronghold Kingdoms,https://www.freetogame.com/g/255/thumbnail.jpg,A strategy based building/warfare game based on the long running Strongholds PC game series.,https://www.freetogame.com/open/stronghold-kingdoms,Strategy,Web Browser,FireFly Studios,FireFly Studios,2012-02-28,https://www.freetogame.com/stronghold-kingdoms,2012,stronghold kingdoms,,,,,,,,,,255.0,Strategy,Web Browser,FireFly Studios,FireFly Studios,2012-02-28,https://www.mmobomb.com/stronghold-kingdoms,True,True,True,True
256,Realm of the Mad God,https://www.freetogame.com/g/256/thumbnail.jpg,A fast paced 2d free to play MMO shooter game with a retro 8-bit style.,https://www.freetogame.com/open/realm-mad-god,MMORPG,"PC (Windows), Web Browser",Kabam,Wild Shadow Studios,2012-02-21,https://www.freetogame.com/realm-mad-god,2012,realm of the mad god,,,,,,,,,,256.0,MMORPG,"PC (Windows), Web Browser",Kabam,Wild Shadow Studios,2012-02-21,https://www.mmobomb.com/realm-mad-god,True,True,True,True
257,Star Wars: The Old Republic,https://www.freetogame.com/g/257/thumbnail.jpg,A 3D sci-fi MMORPG based on the popular Star Wars universe and brought to you by Bioware.,https://www.freetogame.com/open/swtor,MMORPG,PC (Windows),Electronic Arts,Bioware,2011-12-20,https://www.freetogame.com/swtor,2011,star wars: the old republic,,,,,,,,,,257.0,MMORPG,PC (Windows),Electronic Arts,Bioware,2011-12-20,https://www.mmobomb.com/swtor,True,True,True,True
258,APB Reloaded,https://www.freetogame.com/g/258/thumbnail.jpg,A free to play 3D MMO third person shooter game brought to you by GTA creator.,https://www.freetogame.com/open/apb,Shooter,PC (Windows),Reloaded Games,Reloaded Productions,2010-06-29,https://www.freetogame.com/apb,2010,apb reloaded,,,,,,,,,,258.0,Shooter,PC (Windows),Reloaded Games,Reloaded Productions,2010-06-29,https://www.mmobomb.com/apb,True,True,True,True
260,DC Universe Online,https://www.freetogame.com/g/260/thumbnail.jpg,"A free-to-play, comics based MMORPG set in the popular DC Comics universe.",https://www.freetogame.com/open/dcuo,MMORPG,PC (Windows),Daybreak Games,Daybreak Games,2011-01-11,https://www.freetogame.com/dcuo,2011,dc universe online,,,,,,,,,,260.0,MMORPG,PC (Windows),Daybreak Games,Daybreak Games,2011-01-11,https://www.mmobomb.com/dcuo,True,True,True,True
261,No More Room in Hell,https://www.freetogame.com/g/261/thumbnail.jpg,A free to play cooperative FPS survival horror mod for the Source Engine.,https://www.freetogame.com/open/no-more-room-in-hell,Shooter,PC (Windows),Lever Games,No More Room in Hell Team,2011-10-31,https://www.freetogame.com/no-more-room-in-hell,2011,no more room in hell,,,,,,,,,,261.0,Shooter,PC (Windows),Lever Games,No More Room in Hell Team,2011-10-31,https://www.mmobomb.com/no-more-room-in-hell,True,True,True,True
262,Digimon Masters Online,https://www.freetogame.com/g/262/thumbnail.jpg,A free to play 3D MMORPG based on the popular Digimon franchise.,https://www.freetogame.com/open/digimon-masters-online,MMORPG,PC (Windows),MOVE ON USA CO.,"Move Games Co., Ltd.",2011-10-20,https://www.freetogame.com/digimon-masters-online,2011,digimon masters online,,,,,,,,,,262.0,MMORPG,PC (Windows),MOVE ON USA CO.,"Move Games Co., Ltd.",2011-10-20,https://www.mmobomb.com/digimon-masters,True,True,True,True
264,Dragon Nest,https://www.freetogame.com/g/264/thumbnail.jpg,A free-to-play action MMORPG with non-targeting combat.,https://www.freetogame.com/open/dragon-nest,MMORPG,PC (Windows),Eyedentity Games Inc.,Eyedentity Games Inc.,2011-09-28,https://www.freetogame.com/dragon-nest,2011,dragon nest,,,,,,,,,,264.0,MMORPG,PC (Windows), Eyedentity Games Inc., Eyedentity Games Inc.,2011-09-28,https://www.mmobomb.com/dragon-nest,True,True,True,True
265,9Dragons,https://www.freetogame.com/g/265/thumbnail.jpg,A martial arts themed MMORPG set in China during the Ming Dynasty.,https://www.freetogame.com/open/9dragons,MMORPG,PC (Windows),Battlezone,JoongWon Games,2007-05-09,https://www.freetogame.com/9dragons,2007,9dragons,,,,,,,,,,265.0,MMORPG,PC (Windows),Battlezone,JoongWon Games,2007-05-09,https://www.mmobomb.com/9dragons,True,True,True,True
268,Eden Eternal,https://www.freetogame.com/g/268/thumbnail.jpg,A free to play fantasy MMORPG with cute anime-inspired graphics.,https://www.freetogame.com/open/eden-eternal,MMORPG,PC (Windows),X-Legend Entertainment,X-Legend Entertainment,2023-05-10,https://www.freetogame.com/eden-eternal,2023,eden eternal,,,,,,,,,,268.0,MMORPG,PC (Windows),X-Legend Entertainment,X-Legend Entertainment,2023-05-10,https://www.mmobomb.com/eden-eternal,True,True,True,True
269,Spiral Knights,https://www.freetogame.com/g/269/thumbnail.jpg,"A massively multiplayer online role-playing game, battle monsters and collect treasures!",https://www.freetogame.com/open/spiral-knights,MMORPG,PC (Windows),SEGA,Three Rings,2011-06-15,https://www.freetogame.com/spiral-knights,2011,spiral knights,,,,,,,,,,269.0,MMORPG,PC (Windows),SEGA,Three Rings,2011-06-15,https://www.mmobomb.com/spiral-knights,True,True,True,True
271,Asda Global,https://www.freetogame.com/g/271/thumbnail.jpg,A 3D anime-inspired fantasy MMORPG and is the successor to the original Asda Story.,https://www.freetogame.com/open/asda-global,MMORPG,PC (Windows),GamenGame,Maxonsoft,2011-05-19,https://www.freetogame.com/asda-global,2011,asda global,,,,,,,,,,271.0,MMORPG,PC (Windows),GamenGame,Maxonsoft,2011-05-19,https://www.mmobomb.com/asda-global,True,True,True,True
272,Allods Online,https://www.freetogame.com/g/272/thumbnail.jpg,A fantasy MMORPG that follows more traditional “World of Warcraft-like” MMO traditions.,https://www.freetogame.com/open/allods-online,MMORPG,PC (Windows),My.com,Allods Team,2011-04-26,https://www.freetogame.com/allods-online,2011,allods online,,,,,,,,,,272.0,MMORPG,PC (Windows),My.com,Allods Team,2011-04-26,https://www.mmobomb.com/allods-online,True,True,True,True
273,Bloodline Champions,https://www.freetogame.com/g/273/thumbnail.jpg,Free-to-Play Moba game where players engage in short battles of up to ten players divided into two teams.,https://www.freetogame.com/open/bloodline-champions,MOBA,PC (Windows),Stunlock Studios,Stunlock Studios,2011-01-13,https://www.freetogame.com/bloodline-champions,2011,bloodline champions,,,,,,,,,,273.0,MOBA,PC (Windows),Stunlock Studios,Stunlock Studios,2011-01-13,https://www.mmobomb.com/bloodline-champions,True,True,True,True
274,GetAmped 2,https://www.freetogame.com/g/274/thumbnail.jpg,"A free to play fighting MMO, experience frantic battles up to 20 players.",https://www.freetogame.com/open/getamped-2,Fighting,PC (Windows),CyberStep,CyberStep,2010-12-16,https://www.freetogame.com/getamped-2,2010,getamped 2,,,,,,,,,,274.0,Fighting,PC (Windows),CyberStep,CyberStep,2010-12-16,https://www.mmobomb.com/getamped-2,True,True,True,True
275,Dragon Saga,https://www.freetogame.com/g/275/thumbnail.jpg,A free to play arcade­-style side­-scrolling 3D MMORPG.,https://www.freetogame.com/open/dragon-saga,MMORPG,PC (Windows),Gravity Interactive,Gravity Interactive,2010-10-28,https://www.freetogame.com/dragon-saga,2010,dragon saga,,,,,,,,,,275.0,MMORPG,PC (Windows),Gravity Interactive,Gravity Interactive,2010-10-28,https://www.mmobomb.com/dragon-saga,True,True,True,True
276,Vindictus,https://www.freetogame.com/g/276/thumbnail.jpg,A free to play action MMO game with beautiful graphics and intense battles.,https://www.freetogame.com/open/vindictus,MMORPG,PC (Windows),Nexon,devCAT,2010-10-13,https://www.freetogame.com/vindictus,2010,vindictus,,,,,,,,,,276.0,MMORPG,PC (Windows),Nexon,devCAT,2010-10-13,https://www.mmobomb.com/vindictus,True,True,True,True
277,Aika Online,https://www.freetogame.com/g/277/thumbnail.jpg,A free-to-play MMORPG with large scale PvP battles.,https://www.freetogame.com/open/aika-online,MMORPG,PC (Windows),HanbitSoft,JoyImpact,2010-08-27,https://www.freetogame.com/aika-online,2010,aika online,,,,,,,,,,277.0,MMORPG,PC (Windows),HanbitSoft,JoyImpact,2010-08-27,https://www.mmobomb.com/aika-online,True,True,True,True
278,Mortal Online,https://www.freetogame.com/g/278/thumbnail.jpg,A unique free to play First Person sandbox MMORPG.,https://www.freetogame.com/open/mortal-online,MMORPG,PC (Windows),Star Vault AB,Star Vault AB,2010-06-09,https://www.freetogame.com/mortal-online,2010,mortal online,,,,,,,,,,278.0,MMORPG,PC (Windows),Star Vault AB,Star Vault AB,2010-06-09,https://www.mmobomb.com/mortal-online,True,True,True,True
280,WolfTeam,https://www.freetogame.com/g/280/thumbnail.jpg,A free to play MMOFPS with a twist.,https://www.freetogame.com/open/wolfteam,Shooter,PC (Windows),Aeria Games,Softnyx,2009-07-09,https://www.freetogame.com/wolfteam,2009,wolfteam,,,,,,,,,,280.0,Shooter,PC (Windows),Aeria Games,Softnyx,2009-07-09,https://www.mmobomb.com/wolfteam,True,True,True,True
281,Grand Fantasia,https://www.freetogame.com/g/281/thumbnail.jpg,A free to play anime inspired 3D MMORPG with customizable characters and companions.,https://www.freetogame.com/open/grand-fantasia,MMORPG,PC (Windows),X-Legend Entertainment,X-Legend Entertainment,2009-12-01,https://www.freetogame.com/grand-fantasia,2009,grand fantasia,,,,,,,,,,281.0,MMORPG,PC (Windows),X-Legend Entertainment,X-Legend Entertainment,2009-12-01,https://www.mmobomb.com/grand-fantasia,True,True,True,True
282,BlackShot: Revolution,https://www.freetogame.com/g/282/thumbnail.jpg,Get thrown into the fast-paced action of a virtual war zone and compete against other players.,https://www.freetogame.com/open/blackshot,Shooter,PC (Windows),Papaya Play,Vertigo Games,2018-07-27,https://www.freetogame.com/blackshot,2018,blackshot: revolution,,,,,,,,,,282.0,Shooter,PC (Windows),Papaya Play,Vertigo Games,2018-07-27,https://www.mmobomb.com/blackshot,True,True,True,True
286,League of Legends,https://www.freetogame.com/g/286/thumbnail.jpg,"A free-to-play MOBA game, and one of the most played pc game in the world.",https://www.freetogame.com/open/league-of-legends,MOBA,PC (Windows),Riot Games,Riot Games,2009-10-27,https://www.freetogame.com/league-of-legends,2009,league of legends,,,,,,,,,,286.0,MOBA,PC (Windows),Riot Games,Riot Games,2009-10-27,https://www.mmobomb.com/league-of-legends,True,True,True,True
287,Twelve Sky 2,https://www.freetogame.com/g/287/thumbnail.jpg,There’s a lot of world to explore in this fantasy MMORPG!,https://www.freetogame.com/open/twelve-sky-2,MMORPG,PC (Windows),RedFox Games,SG Data,2009-09-09,https://www.freetogame.com/twelve-sky-2,2009,twelve sky 2,,,,,,,,,,287.0,MMORPG,PC (Windows),RedFox Games,SG Data,2009-09-09,https://www.mmobomb.com/twelve-sky-2,True,True,True,True
288,Champions Online,https://www.freetogame.com/g/288/thumbnail.jpg,A superhero MMORPG created by the same studio behind City of Heroes.,https://www.freetogame.com/open/champions-online,MMORPG,PC (Windows),Perfect World Entertainment,Cryptic Studios,2009-09-01,https://www.freetogame.com/champions-online,2009,champions online,,,,,,,,,,288.0,MMORPG,PC (Windows),Perfect World Entertainment,Cryptic Studios,2009-09-01,https://www.mmobomb.com/champions-online,True,True,True,True
290,Runes of Magic,https://www.freetogame.com/g/290/thumbnail.jpg,A free-to-play fantasy 3D MMORPG set in the fantasy world of Taborea.,https://www.freetogame.com/open/runes-of-magic,MMORPG,PC (Windows),GameForge,Runewalker Entertainment,2009-03-19,https://www.freetogame.com/runes-of-magic,2009,runes of magic,,,,,,,,,,290.0,MMORPG,PC (Windows),GameForge,Runewalker Entertainment,2009-03-19,https://www.mmobomb.com/runes-of-magic,True,True,True,True
291,theHunter,https://www.freetogame.com/g/291/thumbnail.jpg,An MMO shooter where players can hunt 22 different animals in various locations.,https://www.freetogame.com/open/thehunter,Shooter,PC (Windows),"Expansive Worlds , Avalanche Studios","Expansive Worlds , Avalanche Studios",2009-03-05,https://www.freetogame.com/thehunter,2009,thehunter,,,,,,,,,,291.0,Shooter,PC (Windows),"Expansive Worlds , Avalanche Studios","Expansive Worlds , Avalanche Studios",2009-03-05,https://www.mmobomb.com/thehunter,True,True,True,True
293,Atlantica Online,https://www.freetogame.com/g/293/thumbnail.jpg,A free-to-play 3D tactical massively multiplayer online role-playing game.,https://www.freetogame.com/open/atlantica-online,MMORPG,PC (Windows),VALOFE,NDOORS Corporation,2008-10-30,https://www.freetogame.com/atlantica-online,2008,atlantica online,,,,,,,,,,293.0,MMORPG,PC (Windows),VALOFE,NDOORS Corporation,2008-10-30,https://www.mmobomb.com/atlantica-online,True,True,True,True
295,Florensia,https://www.freetogame.com/g/295/thumbnail.jpg,A free to play fantasy MMORPG with legendary worlds ashore and at sea.,https://www.freetogame.com/open/florensia,MMORPG,PC (Windows),Netts Corporation,Netts Corporation,2008-10-15,https://www.freetogame.com/florensia,2008,florensia,,,,,,,,,,295.0,MMORPG,PC (Windows),Netts Corporation,Netts Corporation,2008-10-15,https://www.mmobomb.com/florensia,True,True,True,True
296,S4 league,https://www.freetogame.com/g/296/thumbnail.jpg,A free to play MMO Shooter with fluid gameplay and acrobatic moves!,https://www.freetogame.com/open/s4-league,Shooter,PC (Windows),VALOFE Global,GameOn Studio,2008-09-22,https://www.freetogame.com/s4-league,2008,s4 league,,,,,,,,,,296.0,Shooter,PC (Windows),VALOFE Global,GameOn Studio,2008-09-22,https://www.mmobomb.com/s4-league,True,True,True,True
297,Wizard101,https://www.freetogame.com/g/297/thumbnail.jpg,A free to play MMORPG set in the magical Wizard school.,https://www.freetogame.com/open/wizard101,MMORPG,PC (Windows),KingsIsle Entertainment,KingsIsle Entertainment,2008-09-02,https://www.freetogame.com/wizard101,2008,wizard101,,,,,,,,,,297.0,MMORPG,PC (Windows),KingsIsle Entertainment,KingsIsle Entertainment,2008-09-02,https://www.mmobomb.com/wizard101,True,True,True,True
298,Perfect World International,https://www.freetogame.com/g/298/thumbnail.jpg,"A free-to-play fantasy MMORPG, that focuses heavily on Chinese mythology.",https://www.freetogame.com/open/pwi,MMORPG,PC (Windows),"Beijing Perfect World, Perfect World Entertainment",Beijing Perfect World,2008-09-02,https://www.freetogame.com/pwi,2008,perfect world international,,,,,,,,,,298.0,MMORPG,PC (Windows),"Beijing Perfect World, Perfect World Entertainment",Beijing Perfect World,2008-09-02,https://www.mmobomb.com/perfect-world,True,True,True,True
299,Combat Arms: Reloaded,https://www.freetogame.com/g/299/thumbnail.jpg,A free to play modern first person shooter with lots of maps and weapons!,https://www.freetogame.com/open/combat-arms,Shooter,PC (Windows),"VALOFE, NEXON",Doobic Studios,2018-10-31,https://www.freetogame.com/combat-arms,2018,combat arms: reloaded,,,,,,,,,,299.0,Shooter,PC (Windows),"VALOFE, NEXON",Doobic Studios,2018-10-31,https://www.mmobomb.com/combat-arms,True,True,True,True
300,Rohan: Blood Feud,https://www.freetogame.com/g/300/thumbnail.jpg,A free-to-play medieval MMORPG highly-focused on PVP.,https://www.freetogame.com/open/rohan-blood-feud,MMORPG,PC (Windows),Playwith Interactive,Playwith Interactive,2008-05-28,https://www.freetogame.com/rohan-blood-feud,2008,rohan: blood feud,,,,,,,,,,300.0,MMORPG,PC (Windows),Playwith Interactive,Playwith Interactive,2008-05-28,https://www.mmobomb.com/rohan-blood-feud,True,True,True,True
301,Age of Conan: Unchained,https://www.freetogame.com/g/301/thumbnail.jpg,A award ­winning massively multiplayer online game that has received critical acclaim.,https://www.freetogame.com/open/age-of-conan,MMORPG,PC (Windows),Funcom,Funcom,2008-05-20,https://www.freetogame.com/age-of-conan,2008,age of conan: unchained,,,,,,,,,,301.0,MMORPG,PC (Windows),Funcom,Funcom,2008-05-20,https://www.mmobomb.com/age-of-conan,True,True,True,True
304,Cabal Online,https://www.freetogame.com/g/304/thumbnail.jpg,A free to play fast-paced skill-based MMORPG in a stunning world!,https://www.freetogame.com/open/cabal-online,MMORPG,PC (Windows),ESTsoft,ESTsoft,2016-02-17,https://www.freetogame.com/cabal-online,2016,cabal online,,,,,,,,,,304.0,MMORPG,PC (Windows),ESTsoft,ESTsoft,2016-02-17,https://www.mmobomb.com/cabal-online,True,True,True,True
305,Fiesta Online,https://www.freetogame.com/g/305/thumbnail.jpg,A free to play anime MMORPG with a friendly community.,https://www.freetogame.com/open/fiesta-online,MMORPG,PC (Windows),gamigo AG,Onson Soft,2008-02-01,https://www.freetogame.com/fiesta-online,2008,fiesta online,,,,,,,,,,305.0,MMORPG,PC (Windows),gamigo AG,Onson Soft,2008-02-01,https://www.mmobomb.com/fiesta-online,True,True,True,True
306,4Story,https://www.freetogame.com/g/306/thumbnail.jpg,"A enjoyable MMORPG where you can customize your character, join guilds and battle other factions.",https://www.freetogame.com/open/4story,MMORPG,PC (Windows),Zemi Interactive,Zemi Interactive,2008-10-20,https://www.freetogame.com/4story,2008,4story,,,,,,,,,,306.0,MMORPG,PC (Windows),Zemi Interactive,Zemi Interactive,2008-10-20,https://www.mmobomb.com/4story,True,True,True,True
308,Angels Online Global,https://www.freetogame.com/g/308/thumbnail.jpg,A cute anime MMORPG with a good selection of classes.,https://www.freetogame.com/open/angels-online,MMORPG,PC (Windows),USERJOY Technology,USERJOY Technology,2007-12-01,https://www.freetogame.com/angels-online,2007,angels online global,,,,,,,,,,308.0,MMORPG,PC (Windows),USERJOY Technology,USERJOY Technology,2007-12-01,https://www.mmobomb.com/angels-online,True,True,True,True
309,Seal Online,https://www.freetogame.com/g/309/thumbnail.jpg,A free MMORP that has been out for a long period of time with solid history under its belt.,https://www.freetogame.com/open/seal-online,MMORPG,PC (Windows),YNK Interactive,YNK Interactive,2007-11-19,https://www.freetogame.com/seal-online,2007,seal online,,,,,,,,,,309.0,MMORPG,PC (Windows),YNK Interactive,YNK Interactive,2007-11-19,https://www.mmobomb.com/seal-online,True,True,True,True
310,Team Fortress 2,https://www.freetogame.com/g/310/thumbnail.jpg,Valve's iconic class-based free-to-play first-person shooter!,https://www.freetogame.com/open/team-fortress-2,Shooter,PC (Windows),Valve,Valve,2007-10-10,https://www.freetogame.com/team-fortress-2,2007,team fortress 2,,,,,,,,,,310.0,Shooter,PC (Windows),Valve,Valve,2007-10-10,https://www.mmobomb.com/team-fortress-2,True,True,True,True
311,Rumble Fighter,https://www.freetogame.com/g/311/thumbnail.jpg,"A free to play Fighting MMO, test your skills!",https://www.freetogame.com/open/rumble-fighter,Fighting,PC (Windows),RedFox Games,Nimonix,2007-08-02,https://www.freetogame.com/rumble-fighter,2007,rumble fighter,,,,,,,,,,311.0,Fighting,PC (Windows),RedFox Games,Nimonix,2007-08-02,https://www.mmobomb.com/rumble-fighter,True,True,True,True
312,Granado Espada Online,https://www.freetogame.com/g/312/thumbnail.jpg,"Adventure back to colonial times where you can find prestige, wealth, adventure, and a lot of work.",https://www.freetogame.com/open/granado-espada,MMORPG,PC (Windows),T3Fun,IMC Games Co. Limited,2007-07-10,https://www.freetogame.com/granado-espada,2007,granado espada online,,,,,,,,,,312.0,MMORPG,PC (Windows),T3Fun,IMC Games Co. Limited,2007-07-10,https://www.mmobomb.com/granado-espada,True,True,True,True
313,Teeworlds,https://www.freetogame.com/g/313/thumbnail.jpg,A free to play retro multiplayer online shooter where you can even design your own maps!,https://www.freetogame.com/open/teeworlds,Shooter,PC (Windows),Teeworlds Team,Teeworlds Team,2007-05-27,https://www.freetogame.com/teeworlds,2007,teeworlds,,,,,,,,,,313.0,Shooter,PC (Windows),Teeworlds Team,Teeworlds Team,2007-05-27,https://www.mmobomb.com/teeworlds,True,True,True,True
316,Scions of Fate,https://www.freetogame.com/g/316/thumbnail.jpg,A friendly free to play MMORPG with easy to pick up controls.,https://www.freetogame.com/open/scions-of-fate,MMORPG,PC (Windows),NETGAME Inc,MGAME Corporation,2018-01-30,https://www.freetogame.com/scions-of-fate,2018,scions of fate,,,,,,,,,,316.0,MMORPG,PC (Windows),NETGAME Inc,MGAME Corporation,2018-01-30,https://www.mmobomb.com/scions-of-fate,True,True,True,True
317,Rappelz,https://www.freetogame.com/g/317/thumbnail.jpg,A free to play 3D classic MMORPG with robust features.,https://www.freetogame.com/open/rappelz,MMORPG,PC (Windows),Webzen,Gala Lab,2006-11-03,https://www.freetogame.com/rappelz,2006,rappelz,,,,,,,,,,317.0,MMORPG,PC (Windows),Webzen,Gala Lab,2006-11-03,https://www.mmobomb.com/rappelz,True,True,True,True
319,Ace Online,https://www.freetogame.com/g/319/thumbnail.jpg,A free to play fast action 3D sci-fi MMO where players control space fighters jets.,https://www.freetogame.com/open/ace-online,Shooter,PC (Windows),Suba Games,MasangSoft,2008-08-29,https://www.freetogame.com/ace-online,2008,ace online,,,,,,,,,,319.0,Shooter,PC (Windows),Suba Games,MasangSoft,2008-08-29,https://www.mmobomb.com/ace-online,True,True,True,True
320,Dungeons and Dragons Online,https://www.freetogame.com/g/320/thumbnail.jpg,A free-to-play MMORPG based on the beloved D&D RPG that started it all.,https://www.freetogame.com/open/dungeons-dragons-online,MMORPG,PC (Windows),Warner Bros. Interactive Entertainment,"Turbine, Inc.",2006-02-28,https://www.freetogame.com/dungeons-dragons-online,2006,dungeons and dragons online,,,,,,,,,,320.0,MMORPG,PC (Windows),Warner Bros. Interactive,"Turbine, Inc.",2006-02-28,https://www.mmobomb.com/dungeons-dragons-online,True,True,False,True
322,La Tale Evolved,https://www.freetogame.com/g/322/thumbnail.jpg,A 2D side-scrolling fantasy MMORPG with anime-inspired graphics.,https://www.freetogame.com/open/la-tale,MMORPG,PC (Windows),Papaya Play,Actoz Soft,2017-11-17,https://www.freetogame.com/la-tale,2017,la tale evolved,,,,,,,,,,322.0,MMORPG,PC (Windows),Papaya Play,Actoz Soft,2017-11-17,https://www.mmobomb.com/la-tale,True,True,True,True
323,Flyff: Fly For Fun,https://www.freetogame.com/g/323/thumbnail.jpg,A free-to-play anime MMORPG with charming visual aesthetic and an addictive gameplay.,https://www.freetogame.com/open/flyff,MMORPG,PC (Windows),Webzen,Gala Lab Corp (formerly Aeonsoft),2005-12-25,https://www.freetogame.com/flyff,2005,flyff: fly for fun,,,,,,,,,,323.0,MMORPG,PC (Windows),Webzen,Gala Lab Corp,2005-12-25,https://www.mmobomb.com/flyff,True,True,True,False
324,Dream of Mirror Online,https://www.freetogame.com/g/324/thumbnail.jpg,A free to play fantasy MMORPG with tons of social features.,https://www.freetogame.com/open/domo,MMORPG,PC (Windows),SubaGames,SoftStar,2005-09-03,https://www.freetogame.com/domo,2005,dream of mirror online,,,,,,,,,,324.0,MMORPG,PC (Windows),SubaGames,SoftStar,2005-09-03,https://www.mmobomb.com/domo,True,True,True,True
325,MapleStory,https://www.freetogame.com/g/325/thumbnail.jpg,"A popular free-to-play 2D side-scrolling MMORPG with tons of quests, and a huge game world!",https://www.freetogame.com/open/maplestory,MMORPG,PC (Windows),Nexon,Wizet,2005-05-11,https://www.freetogame.com/maplestory,2005,maplestory,,,,,,,,,,325.0,MMORPG,PC (Windows),Nexon,Nexon,2005-05-11,https://www.mmobomb.com/maplestory,True,True,True,False
326,Shot Online,https://www.freetogame.com/g/326/thumbnail.jpg,A free to play Golfing MMO that any golf lover will enjoy to play!,https://www.freetogame.com/open/shot-online,Sports,PC (Windows),GamesCampus,OnNet Co. Ltd.,2004-11-30,https://www.freetogame.com/shot-online,2004,shot online,,,,,,,,,,326.0,Sports,PC (Windows),GamesCampus,OnNet Co. Ltd.,2004-11-30,https://www.mmobomb.com/shot-online,True,True,True,True
327,Everquest 2,https://www.freetogame.com/g/327/thumbnail.jpg,A free to play 3D fantasy MMORPG and the sequel to EverQuest.,https://www.freetogame.com/open/everquest-2,MMORPG,PC (Windows),Daybreak Games,Daybreak Games,2004-11-08,https://www.freetogame.com/everquest-2,2004,everquest 2,,,,,,,,,,327.0,MMORPG,PC (Windows),Daybreak Games,Daybreak Games,2004-11-08,https://www.mmobomb.com/everquest-2,True,True,True,True
328,Dofus,https://www.freetogame.com/g/328/thumbnail.jpg,A 2D MMORPG with tons of different classes and a tactical combat system.,https://www.freetogame.com/open/dofus,MMORPG,PC (Windows),Ankama Games,Ankama Games,2004-09-01,https://www.freetogame.com/dofus,2004,dofus,,,,,,,,,,328.0,MMORPG,PC (Windows),Ankama Games,Ankama Games,2004-09-01,https://www.mmobomb.com/dofus,True,True,True,True
329,Kal Online,https://www.freetogame.com/g/329/thumbnail.jpg,A Korean Fantasy MMORPG developed by Inixsoft.,https://www.freetogame.com/open/kalonline,MMORPG,PC (Windows),Inisxoft,Inisxoft,2004-06-11,https://www.freetogame.com/kalonline,2004,kal online,,,,,,,,,,329.0,MMORPG,PC (Windows),Inisxoft,Inisxoft,2004-06-11,https://www.mmobomb.com/kalonline,True,True,True,True
330,Lineage 2,https://www.freetogame.com/g/330/thumbnail.jpg,A 3D fantasy MMORPG with a strong emphasis on PvP.,https://www.freetogame.com/open/lineage-2,MMORPG,PC (Windows),NCSoft,NCSoft,2004-04-27,https://www.freetogame.com/lineage-2,2004,lineage 2,,,,,,,,,,330.0,MMORPG,PC (Windows),NCSoft,NCSoft,2004-04-27,https://www.mmobomb.com/lineage-2,True,True,True,True
332,Red Stone Online,https://www.freetogame.com/g/332/thumbnail.jpg,A free to play 2D old school isometric MMORPG similar to Diablo.,https://www.freetogame.com/open/red-stone-online,MMORPG,PC (Windows),"L＆K CO., LTD","L＆K CO., LTD",2003-10-06,https://www.freetogame.com/red-stone-online,2003,red stone online,,,,,,,,,,332.0,MMORPG,PC (Windows),"L＆K CO., LTD","L＆K CO., LTD",2003-10-06,https://www.mmobomb.com/red-stone-online,True,True,True,True
333,Metin2,https://www.freetogame.com/g/333/thumbnail.jpg,A classic free to play 3D MMORPG with a retro feel.,https://www.freetogame.com/open/metin2,MMORPG,PC (Windows),Gameforge,Ymir Entertainment,2006-12-17,https://www.freetogame.com/metin2,2006,metin2,,,,,,,,,,333.0,MMORPG,PC (Windows),Gameforge,Ymir Entertainment,2006-12-17,https://www.mmobomb.com/metin2,True,True,True,True
334,Mu Online,https://www.freetogame.com/g/334/thumbnail.jpg,A free to play Dungeon Crawler game like Diablo!,https://www.freetogame.com/open/mu-online,MMORPG,PC (Windows),Webzen,Webzen,2003-10-06,https://www.freetogame.com/mu-online,2003,mu online,,,,,,,,,,334.0,MMORPG,PC (Windows),Webzen,Webzen,2003-10-06,https://www.mmobomb.com/mu-online,True,True,True,True
335,Ragnarok Online,https://www.freetogame.com/g/335/thumbnail.jpg,"A popular fantasy MMORPG, back to the golden age of MMORPGs.",https://www.freetogame.com/open/ragnarok-online,MMORPG,PC (Windows),Gravity Interactive,Gravity Interactive,2003-06-01,https://www.freetogame.com/ragnarok-online,2003,ragnarok online,,,,,,,,,,335.0,MMORPG,PC (Windows),Gravity Interactive,Gravity Interactive,2003-06-01,https://www.mmobomb.com/ragnarok-online,True,True,True,True
336,Anarchy Online,https://www.freetogame.com/g/336/thumbnail.jpg,A free to play Sci-Fi MMO that has withstood the test of time.,https://www.freetogame.com/open/anarchy-online,MMORPG,PC (Windows),Funcom,Funcom,2001-06-27,https://www.freetogame.com/anarchy-online,2001,anarchy online,,,,,,,,,,336.0,MMORPG,PC (Windows),Funcom,Funcom,2001-06-27,https://www.mmobomb.com/anarchy-online,True,True,True,True
337,Priston Tale,https://www.freetogame.com/g/337/thumbnail.jpg,A free to play action-oriented fantasy MMORPG!,https://www.freetogame.com/open/priston-tale,MMORPG,PC (Windows),Suba Games,Trglow Pictures,2007-05-17,https://www.freetogame.com/priston-tale,2007,priston tale,,,,,,,,,,337.0,MMORPG,PC (Windows),Suba Games,Trglow Pictures,2007-05-17,https://www.mmobomb.com/priston-tale,True,True,True,True
339,Tibia,https://www.freetogame.com/g/339/thumbnail.jpg,A old-school free-to-play massively multiplayer online role-playing game.,https://www.freetogame.com/open/tibia,MMORPG,PC (Windows),CipSoft,CipSoft,1997-01-07,https://www.freetogame.com/tibia,1997,tibia,,,,,,,,,,339.0,MMORPG,PC (Windows),CipSoft,CipSoft,1997-01-07,https://www.mmobomb.com/tibia,True,True,True,True
340,Game Of Thrones Winter Is Coming,https://www.freetogame.com/g/340/thumbnail.jpg,A free-to-play browser-based RTS based on the George R.R. Martin novels and popular HBO series.,https://www.freetogame.com/open/game-of-thrones-winter-is-coming,Strategy,Web Browser,GTArcade,YOOZOO Games,2019-11-14,https://www.freetogame.com/game-of-thrones-winter-is-coming,2019,game of thrones winter is coming,,,,,,,,,,340.0,Strategy,Web Browser,GTArcade,YOOZOO Games,2019-11-14,https://www.mmobomb.com/game-of-thrones-winter-is-coming,True,True,True,True
341,League of Angels 3,https://www.freetogame.com/g/341/thumbnail.jpg,"A free-to-play turn-based strategy browser game developed and published by GTArcade Entertainment, Inc.",https://www.freetogame.com/open/league-of-angels-3,MMORPG,Web Browser,GTArcade Entertainment,GTArcade Entertainment,2018-08-14,https://www.freetogame.com/league-of-angels-3,2018,league of angels 3,,,,,,,,,,341.0,MMORPG,Web Browser,GTArcade Entertainment,GTArcade Entertainment,2018-08-14,https://www.mmobomb.com/league-of-angels-3,True,True,True,True
343,Dragon Awaken,https://www.freetogame.com/g/343/thumbnail.jpg,"A free-to-play, browser-based fantasy RPG developed by Game Hollywood and published by Proficient City.",https://www.freetogame.com/open/dragon-awaken,MMORPG,Web Browser,Proficient city,Game Hollywood,2017-01-03,https://www.freetogame.com/dragon-awaken,2017,dragon awaken,,,,,,,,,,343.0,MMORPG,Web Browser,Proficient city,Game Hollywood,2017-01-03,https://www.mmobomb.com/dragon-awaken,True,True,True,True
344,Omega Zodiac,https://www.freetogame.com/g/344/thumbnail.jpg,A Greek and Norse mythology based free-to-play action MMO developed and published by Proficient City and Game Hollywood.,https://www.freetogame.com/open/omega-zodiac,MMORPG,Web Browser,Proficient City,Game Hollywood,2016-08-25,https://www.freetogame.com/omega-zodiac,2016,omega zodiac,,,,,,,,,,344.0,MMORPG,Web Browser,Proficient City,Game Hollywood,2016-08-25,https://www.mmobomb.com/omega-zodiac,True,True,True,True
345,Forge of Empires,https://www.freetogame.com/g/345/thumbnail.jpg,"A free to play 2D browser-based online strategy game, become the leader and raise your city.",https://www.freetogame.com/open/forge-of-empires,Strategy,Web Browser,InnoGames,InnoGames,2012-04-17,https://www.freetogame.com/forge-of-empires,2012,forge of empires,,,,,,,,,,345.0,Strategy,Web Browser,InnoGames,InnoGames,2012-04-17,https://www.mmobomb.com/forge-of-empires,True,True,True,True
346,One Piece Online 2,https://www.freetogame.com/g/346/thumbnail.jpg,"A free-to-play, browser-based 2D MMORPG based on the immensely popular One Piece franchise.",https://www.freetogame.com/open/one-piece-online-2,MMORPG,Web Browser,JoyGames,JoyGames,2015-09-25,https://www.freetogame.com/one-piece-online-2,2015,one piece online 2,,,,,,,,,,346.0,MMORPG,Web Browser,JoyGames,JoyGames,2015-09-25,https://www.mmobomb.com/one-piece-online-2,True,True,True,True
347,Elvenar,https://www.freetogame.com/g/347/thumbnail.jpg,A browser based city-building strategy MMO set in the fantasy world of Elvenar.,https://www.freetogame.com/open/elvenar,Strategy,Web Browser,InnoGames,InnoGames,2015-04-08,https://www.freetogame.com/elvenar,2015,elvenar,,,,,,,,,,347.0,Strategy,Web Browser,InnoGames,InnoGames,2015-04-08,https://www.mmobomb.com/elvenar,True,True,True,True
348,Bleach Online,https://www.freetogame.com/g/348/thumbnail.jpg,"A free to play 2D browser based MMORPG based on Bleach, the popular manga and anime series.",https://www.freetogame.com/open/bleach-online,MMORPG,Web Browser,GoGames,GoGames,2014-07-14,https://www.freetogame.com/bleach-online,2014,bleach online,,,,,,,,,,348.0,MMORPG,Web Browser,GoGames,GoGames,2014-07-14,https://www.mmobomb.com/bleach-online,True,True,True,True
349,Big Farm,https://www.freetogame.com/g/349/thumbnail.jpg,A friendly browser-based farming simulation MMO game!,https://www.freetogame.com/open/big-farm,Strategy,Web Browser,GoodGame Studios,GoodGame Studios,2012-10-29,https://www.freetogame.com/big-farm,2012,big farm,,,,,,,,,,349.0,Strategy,Web Browser,GoodGame Studios,GoodGame Studios,2012-10-29,https://www.mmobomb.com/big-farm,True,True,True,True
350,Goodgame Empire,https://www.freetogame.com/g/350/thumbnail.jpg,A free to play medieval strategy browser game. Build you own castle and create a powerful army!,https://www.freetogame.com/open/goodgame-empire,Strategy,Web Browser,Goodgame Studios,Goodgame Studios,2011-08-14,https://www.freetogame.com/goodgame-empire,2011,goodgame empire,,,,,,,,,,350.0,Strategy,Web Browser,Goodgame Studios,Goodgame Studios,2011-08-14,https://www.mmobomb.com/goodgame-empire,True,True,True,True
351,Grand Prix Racing Online,https://www.freetogame.com/g/351/thumbnail.jpg,A free-to-play web-based motorsport management game.,https://www.freetogame.com/open/gpro,Strategy,Web Browser,GPRO.net,GPRO.net,2006-08-01,https://www.freetogame.com/gpro,2006,grand prix racing online,,,,,,,,,,351.0,Strategy,Web Browser,GPRO.net,GPRO.net,2006-08-01,https://www.mmobomb.com/gpro,True,True,True,True
352,Travian,https://www.freetogame.com/g/352/thumbnail.jpg,A popular browser-based multiplayer online strategy game.,https://www.freetogame.com/open/travian,Strategy,Web Browser,Travian Games,Travian Games,2004-09-05,https://www.freetogame.com/travian,2004,travian,,,,,,,,,,352.0,Strategy,Web Browser,Travian Games,Travian Games,2004-09-05,https://www.mmobomb.com/travian,True,True,True,True
353,Stein.world,https://www.freetogame.com/g/353/thumbnail.jpg,"A free-to-play, browser-based online fantasy role playing game done in an old-school 16-bit style.",https://www.freetogame.com/open/steinworld,MMORPG,Web Browser,PG5-Studio UG,PG5-Studio UG,2019-04-24,https://www.freetogame.com/steinworld,2019,stein.world,,,,,,,,,,353.0,MMORPG,Web Browser,PG5-Studio UG,PG5-Studio UG,2019-04-24,https://www.mmobomb.com/steinworld,True,True,True,True
354,Gods Origin Online,https://www.freetogame.com/g/354/thumbnail.jpg,A free-to-play browser-based RPG from VivaGames in which players take on the role of human summoners that call deities from the Astral Realm back in time.,https://www.freetogame.com/open/gods-origin,MMORPG,Web Browser,VivaGame,VivaGame,2017-08-29,https://www.freetogame.com/gods-origin,2017,gods origin online,,,,,,,,,,354.0,MMORPG,Web Browser,VivaGame,VivaGame,2017-08-29,https://www.mmobomb.com/gods-origin,True,True,True,True
355,Chronicles of Eidola,https://www.freetogame.com/g/355/thumbnail.jpg,A free-to-play 3D Browser RPG from AMZGame.,https://www.freetogame.com/open/chronicles-of-eidola,MMORPG,Web Browser,AMZ Games,AMZ Games,2017-04-10,https://www.freetogame.com/chronicles-of-eidola,2017,chronicles of eidola,,,,,,,,,,355.0,MMORPG,Web Browser,AMZ Games,AMZ Games,2017-04-10,https://www.mmobomb.com/chronicles-of-eidola,True,True,True,True
357,Vikings: War Of Clans,https://www.freetogame.com/g/357/thumbnail.jpg,A free-to-play MMO strategy game developed and published by Plarium.,https://www.freetogame.com/open/vikings-war-of-clans,Strategy,Web Browser,Plarium,Plarium,2015-04-15,https://www.freetogame.com/vikings-war-of-clans,2015,vikings: war of clans,,,,,,,,,,357.0,Strategy,Web Browser,Plarium,Plarium,2015-04-15,https://www.mmobomb.com/vikings-war-of-clans,True,True,True,True
365,Naruto Online,https://www.freetogame.com/g/365/thumbnail.jpg,"A free-to-play MMO based on the popular anime series and manga, developed by Bandai Namco Entertainment.",https://www.freetogame.com/open/naruto-online,MMORPG,Web Browser,OAS Games,Bandai Namco,2016-07-20,https://www.freetogame.com/naruto-online,2016,naruto online,,,,,,,,,,365.0,MMORPG,Web Browser,OAS Games,Bandai Namco,2016-07-20,https://www.mmobomb.com/naruto-online,True,True,True,True
370,Dragon Blood,https://www.freetogame.com/g/370/thumbnail.jpg,"A free-to-play browser MMORPG from 101XP, you'll harness your unique power and the blood of dragons that flows through your veins!",https://www.freetogame.com/open/dragon-blood,MMORPG,Web Browser,101XP,101XP,2016-04-16,https://www.freetogame.com/dragon-blood,2016,dragon blood,,,,,,,,,,370.0,MMORPG,Web Browser,101XP,101XP,2016-04-16,https://www.mmobomb.com/dragon-blood,True,True,True,True
371,League of Angels 2,https://www.freetogame.com/g/371/thumbnail.jpg,A free to play browser MMORPG that captures all the beauty and elegance of its predecessor.,https://www.freetogame.com/open/league-angels-2,MMORPG,Web Browser,GTArcade,GTArcade,2016-04-06,https://www.freetogame.com/league-angels-2,2016,league of angels 2,,,,,,,,,,371.0,MMORPG,Web Browser,GTArcade,GTArcade,2016-04-06,https://www.mmobomb.com/league-angels-2,True,True,True,True
373,StarColony,https://www.freetogame.com/g/373/thumbnail.jpg,A free-to-play browser MMO strategy game that puts you in command of a rapidly growing city on a dangerous alien world.,https://www.freetogame.com/open/starcolony,Strategy,Web Browser,Eiyland LLC,Eiyland LLC,2015-01-01,https://www.freetogame.com/starcolony,2015,starcolony,,,,,,,,,,,,,,,,,,,,
374,Clash of Avatars,https://www.freetogame.com/g/374/thumbnail.jpg,"A free to play 3D browser MMORPG with powerful Avatars, 50 mounts, and several loyal pets.",https://www.freetogame.com/open/clash-of-avatars,MMORPG,Web Browser,AMZgame,AMZgame,2016-01-19,https://www.freetogame.com/clash-of-avatars,2016,clash of avatars,,,,,,,,,,374.0,MMORPG,Web Browser,AMZgame,AMZgame,2016-01-19,https://www.mmobomb.com/clash-of-avatars,True,True,True,True
376,League of Angels,https://www.freetogame.com/g/376/thumbnail.jpg,A free to play 2D browser-based fantasy MMORPG with turn-based combat.,https://www.freetogame.com/open/league-of-angels,MMORPG,Web Browser,GTArcade,Youzu Interactive,2013-12-10,https://www.freetogame.com/league-of-angels,2013,league of angels,,,,,,,,,,376.0,MMORPG,Web Browser,GTArcade,Youzu Interactive,2013-12-10,https://www.mmobomb.com/league-of-angels,True,True,True,True
380,Dark Orbit Reloaded,https://www.freetogame.com/g/380/thumbnail.jpg,A browser-based 3D space-combat MMO with a massive playerbase!,https://www.freetogame.com/open/darkorbit,Shooter,Web Browser,Bigpoint,Bigpoint,2006-12-11,https://www.freetogame.com/darkorbit,2006,dark orbit reloaded,,,,,,,,,,380.0,Shooter,Web Browser,Bigpoint,Bigpoint,2006-12-11,https://www.mmobomb.com/darkorbit,True,True,True,True
383,Legends of Honor,https://www.freetogame.com/g/383/thumbnail.jpg,A free to play browser based medieval fantasy 2D MMORTS.,https://www.freetogame.com/open/legends-of-honor,Strategy,Web Browser,Goodgame Empire,Goodgame Studios,2015-08-20,https://www.freetogame.com/legends-of-honor,2015,legends of honor,,,,,,,,,,383.0,Strategy,Web Browser,Goodgame Empire,Goodgame Studios,2015-08-20,https://www.mmobomb.com/legends-of-honor,True,True,True,True
384,Felspire,https://www.freetogame.com/g/384/thumbnail.jpg,A free-to-play 2D browser-based fantasy MMORPG with plenty of dungeons and world bosses to slay.,https://www.freetogame.com/open/felspire,MMORPG,Web Browser,37Games,37Games Entertainment,2015-08-07,https://www.freetogame.com/felspire,2015,felspire,,,,,,,,,,384.0,MMORPG,Web Browser,37Games,37Games Entertainment,2015-08-07,https://www.mmobomb.com/felspire,True,True,True,True
386,Aberoth,https://www.freetogame.com/g/386/thumbnail.jpg,A free to play 8-bit MMORPG with retro graphics and MUD-like interface.,https://www.freetogame.com/open/aberoth,MMORPG,Web Browser,Jarbit,Jarbit,2015-07-17,https://www.freetogame.com/aberoth,2015,aberoth,,,,,,,,,,386.0, MMORPG,Web Browser,Jarbit,Jarbit,2015-07-17,https://www.mmobomb.com/aberoth,True,True,True,True
388,Lord’s Road,https://www.freetogame.com/g/388/thumbnail.jpg,A free-to-play 2D browser-based fantasy MMORPG that features two playable classes.,https://www.freetogame.com/open/lords-road,MMORPG,Web Browser,AMZGame,AMZGame,2015-06-03,https://www.freetogame.com/lords-road,2015,lord’s road,,,,,,,,,,388.0,MMORPG,Web Browser,AMZGame,AMZGame,2015-06-03,https://www.mmobomb.com/lords-road,True,True,True,True
391,Star Trek: Alien Domain,https://www.freetogame.com/g/391/thumbnail.jpg,A free to play browser based 2D strategy MMO set in the Stark Trek universe.,https://www.freetogame.com/open/star-trek-alien-domain,Strategy,Web Browser,GameSamba,GameSamba,2015-04-07,https://www.freetogame.com/star-trek-alien-domain,2015,star trek: alien domain,,,,,,,,,,391.0,Strategy,Web Browser,GameSamba,GameSamba,2015-04-07,https://www.mmobomb.com/star-trek-alien-domain,True,True,True,True
399,Siegelord,https://www.freetogame.com/g/399/thumbnail.jpg,A free to play 2D medieval fantasy browser-based MMORTS.,https://www.freetogame.com/open/siegelord,Strategy,Web Browser,37Games Entertainment,37Games Entertainment,2014-12-19,https://www.freetogame.com/siegelord,2014,siegelord,,,,,,,,,,399.0,Strategy,Web Browser,37Games Entertainment,37Games Entertainment,2014-12-19,https://www.mmobomb.com/siegelord,True,True,True,True
404,Tribal Wars 2,https://www.freetogame.com/g/404/thumbnail.jpg,The sequel to the classic city-building strategy game Tribal Wars!,https://www.freetogame.com/open/tribal-wars-2,Strategy,Web Browser,InnoGames,InnoGames,2014-09-02,https://www.freetogame.com/tribal-wars-2,2014,tribal wars 2,,,,,,,,,,404.0,Strategy,Web Browser,InnoGames,InnoGames,2014-09-02,https://www.mmobomb.com/tribal-wars-2,True,True,True,True
409,Sparta: War of Empires,https://www.freetogame.com/g/409/thumbnail.jpg,A 2D browser-based MMORTS in which players must exercise their city-management skills to construct and upgrade different structures and troops.,https://www.freetogame.com/open/sparta-war-empires,Strategy,Web Browser,Plarium,Plarium,2014-03-13,https://www.freetogame.com/sparta-war-empires,2014,sparta: war of empires,,,,,,,,,,409.0,Strategy,Web Browser,Plarium,Plarium,2014-03-13,https://www.mmobomb.com/sparta-war-empires,True,True,True,True
411,Soldiers Inc.,https://www.freetogame.com/g/411/thumbnail.jpg,A free to play 2D top-down browser based MMORTS game.,https://www.freetogame.com/open/soldiers-inc,Strategy,Web Browser,Plarium Games,Plarium Games,2013-08-01,https://www.freetogame.com/soldiers-inc,2013,soldiers inc.,,,,,,,,,,411.0,Strategy,Web Browser,Plarium Games,Plarium Games,2013-08-01,https://www.mmobomb.com/soldiers-inc,True,True,True,True
412,Nords: Heroes of the North,https://www.freetogame.com/g/412/thumbnail.jpg,"A free to play browser-based 2D strategy MMO game with Elves, Orcs, Dragons and more.",https://www.freetogame.com/open/nords-heroes-north,Strategy,Web Browser,Plarium Games,Plarium Games,2013-08-01,https://www.freetogame.com/nords-heroes-north,2013,nords: heroes of the north,,,,,,,,,,412.0,Strategy,Web Browser,Plarium Games,Plarium Games,2013-08-01,https://www.mmobomb.com/nords-heroes-north,True,True,True,True
414,Rail Nation,https://www.freetogame.com/g/414/thumbnail.jpg,A free to play 2D browser-based train simulation strategy MMO game.,https://www.freetogame.com/open/rail-nation,Strategy,Web Browser,Bright Future,Travian Games,2013-01-13,https://www.freetogame.com/rail-nation,2013,rail nation,,,,,,,,,,414.0,Strategy,Web Browser,Bright Future,Travian Games,2013-01-13,https://www.mmobomb.com/rail-nation,True,True,True,True
415,Stormfall: Age of War,https://www.freetogame.com/g/415/thumbnail.jpg,"A free to play 2D top-down browser MMORTS featuring castle building, resource management and PvP battles.",https://www.freetogame.com/open/stormfall-age-war,Strategy,Web Browser,Plarium,Plarium,2012-11-01,https://www.freetogame.com/stormfall-age-war,2012,stormfall: age of war,,,,,,,,,,415.0,Strategy,Web Browser,Plarium,Plarium,2012-11-01,https://www.mmobomb.com/stormfall-age-war,True,True,True,True
416,Wartune,https://www.freetogame.com/g/416/thumbnail.jpg,A 2D browser-based Strategy MMORPG with classic turn based RPG features.,https://www.freetogame.com/open/wartune,MMORPG,Web Browser,R2 Games,7Th Road,2012-10-25,https://www.freetogame.com/wartune,2012,wartune,,,,,,,,,,416.0,MMORPG,Web Browser,R2 Games,7Th Road,2012-10-25,https://www.mmobomb.com/wartune,True,True,True,True
417,Dino Storm,https://www.freetogame.com/g/417/thumbnail.jpg,"A free-to-play 3D MMO with cowboys, dinosaurs, and laser guns.",https://www.freetogame.com/open/dino-storm,MMORPG,Web Browser,Splitscreen S.,Splits. S,2012-09-12,https://www.freetogame.com/dino-storm,2012,dino storm,,,,,,,,,,417.0,MMORPG,Web Browser,Splitscreen S.,Splits. S,2012-09-12,https://www.mmobomb.com/dino-storm,True,True,True,True
418,The Settlers Online,https://www.freetogame.com/g/418/thumbnail.jpg,A free to play city building MMORTS based on the popular Settlers series.,https://www.freetogame.com/open/the-settlers-online,Strategy,Web Browser,Ubisoft,Blue Byte,2012-09-11,https://www.freetogame.com/the-settlers-online,2012,the settlers online,,,,,,,,,,418.0,Strategy,Web Browser,Ubisoft,Blue Byte,2012-09-11,https://www.mmobomb.com/the-settlers-online,True,True,True,True
421,Therian Saga,https://www.freetogame.com/g/421/thumbnail.jpg,A browser-based sandbox MMORPG with a complex crafting system.,https://www.freetogame.com/open/therian-saga,MMORPG,"PC (Windows), Web Browser",Gameforge,Virtys,2017-03-27,https://www.freetogame.com/therian-saga,2017,therian saga,,,,,,,,,,421.0,MMORPG,"PC (Windows), Web Browser",Gameforge,Virtys,2017-03-27,https://www.mmobomb.com/therian-saga,True,True,True,True
422,Pirates: Tides of Fortune,https://www.freetogame.com/g/422/thumbnail.jpg,A free to play browser-based 2D MMORTS for people who are fans of pirates!,https://www.freetogame.com/open/pirates-tides-fortune,Strategy,Web Browser,Plarium Games,Plarium Games,2012-02-12,https://www.freetogame.com/pirates-tides-fortune,2012,pirates: tides of fortune,,,,,,,,,,422.0,Strategy,Web Browser,Plarium Games,Plarium Games,2012-02-12,https://www.mmobomb.com/pirates-tides-fortune,True,True,True,True
423,Steel Legions,https://www.freetogame.com/g/423/thumbnail.jpg,A free to play 3d browser based tank game with fast-paced tactical battles!,https://www.freetogame.com/open/steel-legions,Shooter,Web Browser,Splitscreen Studios,Splitscreen Studios,2011-06-15,https://www.freetogame.com/steel-legions,2011,steel legions,,,,,,,,,,423.0,Shooter,Web Browser,Splitscreen Studios,Splitscreen Studios,2011-06-15,https://www.mmobomb.com/steel-legions,True,True,True,True
424,Crystal Saga,https://www.freetogame.com/g/424/thumbnail.jpg,A free to play 2D browser-based MMORPG that allows players to explore the land of Vidalia.,https://www.freetogame.com/open/crystal-saga,MMORPG,Web Browser,"Aeria, R2Games",R2Games,2013-11-20,https://www.freetogame.com/crystal-saga,2013,crystal saga,,,,,,,,,,424.0,MMORPG,Web Browser,"Aeria, R2Games",R2Games,2013-11-20,https://www.mmobomb.com/crystal-saga,True,True,True,True
425,Grepolis,https://www.freetogame.com/g/425/thumbnail.jpg,A free to play browser-based strategy MMORTS set in Ancient Greece.,https://www.freetogame.com/open/grepolis,Strategy,Web Browser,InnoGames,InnoGames,2009-12-08,https://www.freetogame.com/grepolis,2009,grepolis,,,,,,,,,,425.0,Strategy,Web Browser,InnoGames,InnoGames,2009-12-08,https://www.mmobomb.com/grepolis,True,True,True,True
426,AdventureQuest Worlds,https://www.freetogame.com/g/426/thumbnail.jpg,A free-to-play 2D fantasy browser MMORPG. There are no downloads or software to install!,https://www.freetogame.com/open/adventurequest-worlds,MMORPG,Web Browser,Artix Entertainment,Artix Entertainment,2008-10-10,https://www.freetogame.com/adventurequest-worlds,2008,adventurequest worlds,,,,,,,,,,426.0,MMORPG,Web Browser,Artix Entertainment,Artix Entertainment,2008-10-10,https://www.mmobomb.com/adventurequest-worlds,True,True,True,True
427,Drakensang Online,https://www.freetogame.com/g/427/thumbnail.jpg,A free to play browser-based top-down hack-and-slash 3D MMORPG similar to games in the Diablo series.,https://www.freetogame.com/open/drakensang-online,MMORPG,Web Browser,Bigpoint,Bigpoint,2011-08-08,https://www.freetogame.com/drakensang-online,2011,drakensang online,,,,,,,,,,427.0,MMORPG,Web Browser,Bigpoint,Bigpoint,2011-08-08,https://www.mmobomb.com/drakensang-online,True,True,True,True
428,Ikariam,https://www.freetogame.com/g/428/thumbnail.jpg,A free to play browser-based city-building strategy game by GameForge.,https://www.freetogame.com/open/ikariam,Strategy,Web Browser,GameForge,GameForge,2008-03-31,https://www.freetogame.com/ikariam,2008,ikariam,,,,,,,,,,428.0,Strategy,Web Browser,GameForge,GameForge,2008-03-31,https://www.mmobomb.com/ikariam,True,True,True,True
429,Astro Empires,https://www.freetogame.com/g/429/thumbnail.jpg,A text-based sci-fi strategy and diplomacy MMO Game in a persistent universe.,https://www.freetogame.com/open/astro-empires,Strategy,Web Browser,Cybertopia,Cybertopia,2006-05-20,https://www.freetogame.com/astro-empires,2006,astro empires,,,,,,,,,,429.0,Strategy,Web Browser,Cybertopia,Cybertopia,2006-05-20,https://www.mmobomb.com/astro-empires,True,True,True,True
430,Urban Rivals,https://www.freetogame.com/g/430/thumbnail.jpg,A free to play browser based card-game with a high player base and comic-book inspired world!,https://www.freetogame.com/open/urban-rivals,Card Game,Web Browser,Boostr,Acute Mobile,2006-01-17,https://www.freetogame.com/urban-rivals,2006,urban rivals,,,,,,,,,,430.0,Card Game,Web Browser,Boostr,Acute Mobile,2006-01-17,https://www.mmobomb.com/urban-rivals,True,True,True,True
431,Imperia Online,https://www.freetogame.com/g/431/thumbnail.jpg,"A 2D free-to-play browser-based Medieval MMORTS, Train soldiers and raise an Empire.",https://www.freetogame.com/open/imperia-online,Strategy,Web Browser,Imperia Online Ltd.,Imperia Online Ltd.,2005-08-23,https://www.freetogame.com/imperia-online,2005,imperia online,,,,,,,,,,431.0,Strategy,Web Browser,Imperia Online Ltd.,Imperia Online Ltd.,2005-08-23,https://www.mmobomb.com/imperia-online,True,True,True,True
432,Habbo,https://www.freetogame.com/g/432/thumbnail.jpg,One of the largest and most popular Social MMO.,https://www.freetogame.com/open/habbo,Social,Web Browser,Sulake Corporation,Sulake Corporation,2001-09-26,https://www.freetogame.com/habbo,2001,habbo,,,,,,,,,,432.0,Social,Web Browser,Sulake Corporation,Sulake Corporation,2001-09-26,https://www.mmobomb.com/habbo,True,True,True,True
433,RuneScape,https://www.freetogame.com/g/433/thumbnail.jpg,A popular 3D browser MMORPG boasting a huge player base and 15 years of content.,https://www.freetogame.com/open/runescape,MMORPG,"PC (Windows), Web Browser",Jagex,Jagex,2001-01-04,https://www.freetogame.com/runescape,2001,runescape,,,,,,,,,,433.0,MMORPG,"PC (Windows), Web Browser",Jagex,Jagex,2001-01-04,https://www.mmobomb.com/runescape,True,True,True,True
434,Will To Live,https://www.freetogame.com/g/434/thumbnail.jpg,A free-to-play MMORPG-shooter developed and published by AlphaSoft LLC.,https://www.freetogame.com/open/will-to-live,MMORPG,PC (Windows),AlphaSoft LLC,AlphaSoft LLC,2018-04-05,https://www.freetogame.com/will-to-live,2018,will to live,,,,,,,,,,434.0,MMORPG,PC (Windows),AlphaSoft LLC,AlphaSoft LLC,2018-04-05,https://www.mmobomb.com/will-to-live,True,True,True,True
436,Inferna,https://www.freetogame.com/g/436/thumbnail.jpg,"A cross-platform MMO from indie developer and publisher Inferna Limited, designed for players seeking a classic experience.",https://www.freetogame.com/open/inferna,MMORPG,PC (Windows),INFERNA LIMITED,INFERNA LIMITED,2019-12-21,https://www.freetogame.com/inferna,2019,inferna,,,,,,,,,,436.0,MMORPG,PC (Windows),INFERNA LIMITED,INFERNA LIMITED,2019-12-21,https://www.mmobomb.com/inferna,True,True,True,True
437,Stay Out,https://www.freetogame.com/g/437/thumbnail.jpg,An MMORPG featuring urban exploration and shooter elements.,https://www.freetogame.com/open/stay-out,Shooter,PC (Windows),Mobile Technologies LLC,Mobile Technologies LLC,2019-11-27,https://www.freetogame.com/stay-out,2019,stay out,,,,,,,,,,437.0,Shooter,PC (Windows),Mobile Technologies LLC,Mobile Technologies LLC,2019-11-27,https://www.mmobomb.com/stay-out,True,True,True,True
438,Kards,https://www.freetogame.com/g/438/thumbnail.jpg,A free-to-play collectible World War II card game from developer 1939 Games.,https://www.freetogame.com/open/kards,Card Game,PC (Windows),1939 Games,1939 Games,2019-04-12,https://www.freetogame.com/kards,2019,kards,,,,,,,,,,438.0,Card Game,PC (Windows),1939 Games,1939 Games,2019-04-12,https://www.mmobomb.com/kards,True,True,True,True
439,PC Futbol Legends,https://www.freetogame.com/g/439/thumbnail.jpg,An arcade soccer game inspired by cult arcade games from IDC games.,https://www.freetogame.com/open/futbol-legends,Sports,PC (Windows),IDG GAmes,IDG GAmes,2019-11-01,https://www.freetogame.com/futbol-legends,2019,pc futbol legends,,,,,,,,,,439.0,Sports,PC (Windows),IDG GAmes,IDG GAmes,2019-11-01,https://www.mmobomb.com/futbol-legends,True,True,True,True
440,Vampire Empire,https://www.freetogame.com/g/440/thumbnail.jpg,A multiplayer strategy game that focuses on the war between vampires and werewolves.,https://www.freetogame.com/open/vampire-empire,Strategy,Web Browser,R2 Games,F5 Game Company,2019-11-07,https://www.freetogame.com/vampire-empire,2019,vampire empire,,,,,,,,,,440.0,Strategy,Web Browser,R2 Games,F5 Game Company,2019-11-07,https://www.mmobomb.com/vampire-empire,True,True,True,True
441,Legends of Runeterra,https://www.freetogame.com/g/441/thumbnail.jpg,A free-to-play CCG based on Riot Games' MOBA League of Legends.,https://www.freetogame.com/open/runeterra,Card Game,PC (Windows),Riot Games,Riot Games,2020-01-24,https://www.freetogame.com/runeterra,2020,legends of runeterra,,,,,,,,,,441.0,Card Game,PC (Windows),Riot Games,Riot Games,2020-01-24,https://www.mmobomb.com/runeterra,True,True,True,True
443,Ultimate Pirates,https://www.freetogame.com/g/443/thumbnail.jpg,A browser-based strategy MMO published for both desktop and mobile browsers by Gameforge.,https://www.freetogame.com/open/ultimate-pirates,Strategy,Web Browser,Gameforge,Moonmana,2019-12-02,https://www.freetogame.com/ultimate-pirates,2019,ultimate pirates,,,,,,,,,,443.0,Strategy,Web Browser,Gameforge,Moonmana,2019-12-02,https://www.mmobomb.com/ultimate-pirates,True,True,True,True
447,Dota Underlords,https://www.freetogame.com/g/447/thumbnail.jpg,A free-to-play auto battler strategy game set in the world of Valve's Dota franchise.,https://www.freetogame.com/open/dota-underlords,Strategy,PC (Windows),Valve,Valve,2019-06-21,https://www.freetogame.com/dota-underlords,2019,dota underlords,,,,,,,,,,447.0,Strategy,PC (Windows),Valve,Valve,2019-06-21,https://www.mmobomb.com/dota-underlords,True,True,True,True
448,KurtzPel,https://www.freetogame.com/g/448/thumbnail.jpg,A free-to-play third-person action battle game from KOG Games.,https://www.freetogame.com/open/kurtzpel,Fighting,PC (Windows),KOG,KOG,2019-04-30,https://www.freetogame.com/kurtzpel,2019,kurtzpel,,,,,,,,,,448.0,Fighting,PC (Windows),KOG,KOG,2019-04-30,https://www.mmobomb.com/kurtzpel,True,True,True,True
449,Albion Online,https://www.freetogame.com/g/449/thumbnail.jpg,A free-to-play cross-platform sandbox MMO developed and published by Sandbox Interactive GmbH.,https://www.freetogame.com/open/albion-online,MMORPG,PC (Windows),Sandbox Interactive GmbH,Sandbox Interactive GmbH,2017-07-17,https://www.freetogame.com/albion-online,2017,albion online,,,,,,,,,,449.0,MMORPG,PC (Windows),Sandbox Interactive GmbH,Sandbox Interactive GmbH,2017-07-17,https://www.mmobomb.com/albion-online,True,True,True,True
450,Battlerite Royale,https://www.freetogame.com/g/450/thumbnail.jpg,A free to play battle royale set in the Battlerite universe.,https://www.freetogame.com/open/battlerite-royale,MOBA,PC (Windows),Stunlock Studios,Stunlock Studios,2018-09-26,https://www.freetogame.com/battlerite-royale,2018,battlerite royale,,,,,,,,,,450.0,MOBA,PC (Windows),Stunlock Studios,Stunlock Studios,2018-09-26,https://www.mmobomb.com/battlerite-royale,True,True,True,True
451,Crystal Clash,https://www.freetogame.com/g/451/thumbnail.jpg,A free-to-play fantasy RTS developed by Crunchy Leaf Games.,https://www.freetogame.com/open/crystal-clash,Strategy,PC (Windows),Crunchy Leaf Games,Crunchy Leaf Games,2019-08-30,https://www.freetogame.com/crystal-clash,2019,crystal clash,,,,,,,,,,451.0,Strategy,PC (Windows),Crunchy Leaf Games,Crunchy Leaf Game,2019-08-30,https://www.mmobomb.com/crystal-clash,True,True,True,False
452,Call of Duty: Warzone,https://www.freetogame.com/g/452/thumbnail.jpg,A standalone free-to-play battle royale and modes accessible via Call of Duty: Modern Warfare.,https://www.freetogame.com/open/call-of-duty-warzone,Shooter,PC (Windows),Activision,Infinity Ward,2020-03-10,https://www.freetogame.com/call-of-duty-warzone,2020,call of duty: warzone,,,,,,,,,,452.0,Shooter,PC (Windows),Activision,Infinity Ward,2020-03-10,https://www.mmobomb.com/call-of-duty-warzone,True,True,True,True
454,Magic: The Gathering Arena,https://www.freetogame.com/g/454/thumbnail.jpg,A free-to-play digital recreation of Wizards of the Coast's popular collectible card game.,https://www.freetogame.com/open/mtg-arena,Card Game,PC (Windows),Wizards of the Coast,Wizards of the Coast,2018-09-27,https://www.freetogame.com/mtg-arena,2018,magic: the gathering arena,,,,,,,,,,454.0,Card Game,PC (Windows),Wizards of the Coast,Wizards of the Coast,2018-09-27,https://www.mmobomb.com/mtg-arena,True,True,True,True
455,Eternal Fury,https://www.freetogame.com/g/455/thumbnail.jpg,A free-to-play ARPG from R2 Games!,https://www.freetogame.com/open/eternal-fury,MMORPG,Web Browser,R2 Games,R2 Games,2019-05-21,https://www.freetogame.com/eternal-fury,2019,eternal fury,,,,,,,,,,455.0,MMORPG,Web Browser,R2 Games,R2 Games,2019-05-21,https://www.mmobomb.com/eternal-fury,True,True,True,True
456,Conqueror's Blade,https://www.freetogame.com/g/456/thumbnail.jpg,"Command your own medieval army in Conqueror's Blade, a war simulator developed by Booming games.",https://www.freetogame.com/open/conquerors-blade,Strategy,PC (Windows),Booming Games,Booming Games,2019-05-30,https://www.freetogame.com/conquerors-blade,2019,conqueror's blade,,,,,,,,,,456.0,Strategy,PC (Windows),Booming Games,Booming Games,2019-05-30,https://www.mmobomb.com/conquerors-blade,True,True,True,True
457,The Third Age,https://www.freetogame.com/g/457/thumbnail.jpg,A free-to-play browser-based Strategy MMO game focused on story-based PvE gameplay!,https://www.freetogame.com/open/the-third-age,Strategy,Web Browser,R2 Games,R2 Games,2019-04-29,https://www.freetogame.com/the-third-age,2019,the third age,,,,,,,,,,457.0,Strategy,Web Browser,R2 Games,R2 Games,2019-04-29,https://www.mmobomb.com/the-third-age,True,True,True,True
458,League of Angels - Heaven's Fury,https://www.freetogame.com/g/458/thumbnail.jpg,"A free-to-play, browser-based fantasy online action RPG based loosely on Western mythology!",https://www.freetogame.com/open/league-of-angels-heavens-fury,MMORPG,Web Browser,Gtarcade,Yoozoo Games,2020-01-09,https://www.freetogame.com/league-of-angels-heavens-fury,2020,league of angels - heaven's fury,,,,,,,,,,458.0,MMORPG,Web Browser,Gtarcade,Yoozoo Games,2020-01-09,https://www.mmobomb.com/league-of-angels-heavens-fury,True,True,True,True
459,Bombergrounds: Battle Royale,https://www.freetogame.com/g/459/thumbnail.jpg,A free-to-play massively multiplayer battle Royale game inspired by the old-shool Bomberman games!,https://www.freetogame.com/open/bombergrounds-battle-royale,Battle Royale,PC (Windows),Giant Duck Games,Giant Duck Games,2020-03-07,https://www.freetogame.com/bombergrounds-battle-royale,2020,bombergrounds: battle royale,,,,,,,,,,459.0,Battle Royale,PC (Windows),Giant Duck Games,Giant Duck Games,2020-03-07,https://www.mmobomb.com/bombergrounds-battle-royale,True,True,True,True
460,Empire: World War 3,https://www.freetogame.com/g/460/thumbnail.jpg,A free-to-play browser-based action packed strategy game from the developer of Legends of Honor.,https://www.freetogame.com/open/empireww3,Strategy,Web Browser,Goodgame Studios,Goodgame Studios,2018-06-28,https://www.freetogame.com/empireww3,2018,empire: world war 3,,,,,,,,,,460.0,Strategy,Web Browser,Goodgame Studios,Goodgame Studios,2018-06-28,https://www.mmobomb.com/empireww3,True,True,True,True
461,Shop Titans,https://www.freetogame.com/g/461/thumbnail.jpg,A free-to-play RPG shopkeeper simulation game where you are responsible for designing and maintaining your own shop.,https://www.freetogame.com/open/shop-titans,Strategy,PC (Windows),"Kabam Games, Inc.","Kabam Games, Inc.",2020-05-05,https://www.freetogame.com/shop-titans,2020,shop titans,,,,,,,,,,461.0,Strategy,PC (Windows),"Kabam Games, Inc.","Kabam Games, Inc.",2020-05-05,https://www.mmobomb.com/shop-titans,True,True,True,True
463,Survivor Legacy,https://www.freetogame.com/g/463/thumbnail.jpg,Survivor Legacy is a free-to-play zombie-themed strategy game from R2 Games.,https://www.freetogame.com/open/survivor-legacy,Strategy,Web Browser,R2 Games,GameHollywood,2020-04-07,https://www.freetogame.com/survivor-legacy,2020,survivor legacy,,,,,,,,,,463.0,Strategy,Web Browser,R2 Games,GameHollywood,2020-04-07,https://www.mmobomb.com/survivor-legacy,True,True,True,True
466,Valorant,https://www.freetogame.com/g/466/thumbnail.jpg,Test your mettle in Riot Games’ character-based FPS shooter Valorant.,https://www.freetogame.com/open/valorant,Shooter,PC (Windows),Riot Games,Riot Games,2020-06-02,https://www.freetogame.com/valorant,2020,valorant,,,,,,,,,,466.0,Shooter,PC (Windows),Riot Games,Riot Games,2020-06-02,https://www.mmobomb.com/valorant,True,True,True,True
467,Phantasy Star Online 2,https://www.freetogame.com/g/467/thumbnail.jpg,"Welcome to ARKS, and elite task force searching dangerous planets for the corrupted Falspawn in Phantasy Star 2 Online, Sega’s popular, free-to-play sci-fi MMORPG.",https://www.freetogame.com/open/pso2,MMORPG,PC (Windows),SEGA,SEGA,2020-05-27,https://www.freetogame.com/pso2,2020,phantasy star online 2,,,,,,,,,,467.0,MMORPG,PC (Windows),SEGA,SEGA,2020-05-27,https://www.mmobomb.com/phantasy-star-online-2,True,True,True,True
468,Firestone Idle RPG,https://www.freetogame.com/g/468/thumbnail.jpg,"Set in the fantasy world of Alandria, Firestone is an idle RPG in which players are tasked with building the best possible party of heroes and using them to defeat the undead and orcs that plague the world.",https://www.freetogame.com/open/firestone-idle-rpg,Strategy,Web Browser,Holyday Studios,Holyday Studios,2019-09-26,https://www.freetogame.com/firestone-idle-rpg,2019,firestone idle rpg,,,,,,,,,,468.0,Strategy,Web Browser,Holyday Studios,Holyday Studios,2019-09-26,https://www.mmobomb.com/firestone-idle-rpg,True,True,True,True
469,Unfortunate Spacemen,https://www.freetogame.com/g/469/thumbnail.jpg,"Unfortunate Spacemen is a co-op multiplayer game about Shapeshifting with a Co-op Story Mode, lots of objectives and more!",https://www.freetogame.com/open/unfortunate-spacemen,Shooter,PC (Windows),New Blood Interactive,Geoff 'Zag' Keene,2020-06-12,https://www.freetogame.com/unfortunate-spacemen,2020,unfortunate spacemen,,,,,,,,,,469.0,Shooter,PC (Windows),New Blood Interactive,Geoff 'Zag' Keene,2020-06-12,https://www.mmobomb.com/unfortunate-spacemen,True,True,True,True
471,Armor Valor,https://www.freetogame.com/g/471/thumbnail.jpg,Build your empire with the help of mythical heroes and well thought out strategy in R2 Games’ strategy RPG Armor Valor.,https://www.freetogame.com/open/armor-valor,Strategy,Web Browser,R2 Games,R2 Games,2020-07-20,https://www.freetogame.com/armor-valor,2020,armor valor,,,,,,,,,,471.0,Strategy,Web Browser,R2 Games,R2 Games,2020-07-20,https://www.mmobomb.com/armor-valor,True,True,True,True
473,Spellbreak,https://www.freetogame.com/g/473/thumbnail.jpg,"Spellbreak is a multiplayer, multi-platform battle-royale where player take on the role of a “battlemage” mastering elemental magic and using spells to compete against other players.",https://www.freetogame.com/open/spellbreak,Battle Royale,PC (Windows),Proletariat,Proletariat,2020-09-04,https://www.freetogame.com/spellbreak,2020,spellbreak,,,,,,,,,,473.0,Battle Royale,PC (Windows),Proletariat,Proletariat,2020-09-04,https://www.mmobomb.com/spellbreak,True,True,True,True
474,Rocket League,https://www.freetogame.com/g/474/thumbnail.jpg,Get your car-soccer gaming on for free with Psyonix’s Rocket League. The popular competitive multi-player game is a popular offering with over 57 million players.,https://www.freetogame.com/open/rocket-league,Sports,PC (Windows),Psyonix LLC,Psyonix LLC,2020-09-24,https://www.freetogame.com/rocket-league,2020,rocket league,,,,,,,,,,474.0,Sports,PC (Windows),Psyonix LLC,Psyonix LLC,2020-09-24,https://www.mmobomb.com/rocket-league,True,True,True,True
475,Genshin Impact,https://www.freetogame.com/g/475/thumbnail.jpg,"If you’ve been looking for a game to scratch that open-world action RPG itch, one with perhaps a bit of Asian flair, then you’re going to want to check out miHoYo’s Genshin Impact.",https://www.freetogame.com/open/genshin-impact,Action RPG,PC (Windows),miHoYo,miHoYo,2020-09-28,https://www.freetogame.com/genshin-impact,2020,genshin impact,,,,,,,,,,475.0,Action RPG,PC (Windows),miHoYo,miHoYo,2020-09-28,https://www.mmobomb.com/genshin-impact,True,True,True,True
476,Rogue Company,https://www.freetogame.com/g/476/thumbnail.jpg,"From Hi-Rez Studios, the team that brought you Smite and Paladins, comes Rogue Company, a cross-platform, competitive team-based third person shooter.",https://www.freetogame.com/open/rogue-company,Shooter,PC (Windows),Hi-Rez Studios,First Watch Games,2020-10-01,https://www.freetogame.com/rogue-company,2020,rogue company,,,,,,,,,,476.0,Shooter,PC (Windows),Hi-Rez Studios,First Watch Games,2020-10-01,https://www.mmobomb.com/rogue-company,True,True,True,True
477,Eternal Return,https://www.freetogame.com/g/477/thumbnail.jpg,"Combining elements from battle royale, MOBA, and the survival genres, Eternal Return: Black Survival is a game designed with a broad audience in mind.",https://www.freetogame.com/open/eternal-return,MOBA,PC (Windows),Nimble Neuron,Nimble Neuron,2020-10-14,https://www.freetogame.com/eternal-return,2020,eternal return,,,,,,,,,,477.0,MOBA,PC (Windows),Nimble Neuron,Nimble Neuron,2020-10-14,https://www.mmobomb.com/eternal-return,True,True,True,True
479,Blood of Steel,https://www.freetogame.com/g/479/thumbnail.jpg,"Blood of Steel is an online competitive strategy game featuring some of the most well-known figures throughout medieval history. Choose your general – a Crusader, Viking, Ninja or one of those from the Three Kingdoms. Build your kingdom and command armies in epic PvP battles using classic medieval warfare tactics.",https://www.freetogame.com/open/blood-of-steel,Strategy,PC (Windows),YC Games,YC Games,2020-10-20,https://www.freetogame.com/blood-of-steel,2020,blood of steel,,,,,,,,,,479.0,Strategy,PC (Windows),YC Games,YC Games,2020-10-20,https://www.mmobomb.com/blood-of-steel,True,True,True,True
498,Blankos Block Party,https://www.freetogame.com/g/498/thumbnail.jpg,What happens when you take the vinyl collectible toy experience and combine it with an open-world multiplayer game? You get Blankos Block Party!,https://www.freetogame.com/open/blankos,MMO,PC (Windows),Third Kind Games,Mythical Games Inc,2020-12-11,https://www.freetogame.com/blankos,2020,blankos block party,,,,,,,,,,498.0,MMO,PC (Windows),Third Kind Games,Mythical Games Inc,2020-12-11,https://www.mmobomb.com/blankos,True,True,True,True
499,Slapshot: Rebound,https://www.freetogame.com/g/499/thumbnail.jpg,"Do you like hockey? How about physic-based multiplayer, arcade-style sports games with cute graphics? Well, this is the one for you.",https://www.freetogame.com/open/slapshot-rebound,Sports,PC (Windows),Oddshot Games,Oddshot Games,2020-12-07,https://www.freetogame.com/slapshot-rebound,2020,slapshot: rebound,,,,,,,,,,499.0,Sports,PC (Windows),Oddshot Games,Oddshot Games,2020-12-07,https://www.mmobomb.com/slapshot-rebound,True,True,True,True
500,Chroma: Bloom And Blight,https://www.freetogame.com/g/500/thumbnail.jpg,"Competitive card game fans have a new, completely free option to add to their list.",https://www.freetogame.com/open/chroma-bloom-and-blight,Card Game,PC (Windows),WhisperGames,Clarity Games,2021-01-28,https://www.freetogame.com/chroma-bloom-and-blight,2021,chroma: bloom and blight,,,,,,,,,,500.0,Card Game,PC (Windows),WhisperGames,Clarity Games,2021-01-28,https://www.mmobomb.com/chroma-bloom-and-blight,True,True,True,True
502,Primordials: Battle of Gods,https://www.freetogame.com/g/502/thumbnail.jpg,Build armies and fight for control of the realm in Global Dodo Entertainment’s 1v1 strategy game Primordials: Battle of Gods.,https://www.freetogame.com/open/primordials-battle-of-gods,Strategy,PC (Windows),Wire Games,Global Dodo Entertainment,2021-03-04,https://www.freetogame.com/primordials-battle-of-gods,2021,primordials: battle of gods,,,,,,,,,,502.0,Strategy,PC (Windows),Wire Games,Global Dodo Entertainment,2021-03-04,https://www.mmobomb.com/primordials-battle-of-gods,True,True,True,True
503,Artifact,https://www.freetogame.com/g/503/thumbnail.jpg,"Valve’s Artifact is two games in one. Whether you’re looking for the original Dota 2 trading card game created with the help of card game designer Richard Garfield or something a little more streamlined, Artifact has both in one download.",https://www.freetogame.com/open/artifact,Card Game,PC (Windows),Valve,Valve,2018-11-29,https://www.freetogame.com/artifact,2018,artifact,,,,,,,,,,503.0,Card Game,PC (Windows),Valve,Valve,2018-11-29,https://www.mmobomb.com/artifact,True,True,True,True
505,Mythgard,https://www.freetogame.com/g/505/thumbnail.jpg,"Rhino Games Inc.’s CCG Mythgard combines cyberpunk with the heroes, gods, and creatures of the fantasy in a modern setting to create a world where magic competes against technology for control.",https://www.freetogame.com/open/mythgard,Card Game,PC (Windows),Rhino Games Inc.,Rhino Games Inc.,2019-09-18,https://www.freetogame.com/mythgard,2019,mythgard,,,,,,,,,,505.0,Card Game,PC (Windows),Rhino Games Inc.,Rhino Games Inc.,2019-09-18,https://www.mmobomb.com/mythgard,True,True,True,True
506,Totally Accurate Battlegrounds,https://www.freetogame.com/g/506/thumbnail.jpg,"Take 60 players, throw them on a map together with over 90 weapons, including balloon crossbows, pots and pans, and inflatable hammers, add physics-based parkour and you have Landfall’s Totally Accurate Battlegrounds (TABG).",https://www.freetogame.com/open/tabg,Shooter,PC (Windows),Landfall,Landfall,2018-06-06,https://www.freetogame.com/tabg,2018,totally accurate battlegrounds,,,,,,,,,,506.0,Shooter,PC (Windows),Landfall,Landfall,2018-06-06,https://www.mmobomb.com/tabg,True,True,True,True
507,Super Mecha Champions,https://www.freetogame.com/g/507/thumbnail.jpg,"Super Mecha Champions is a PC port of the mobile anime PvP game from NetEease, featuring a variety of modes but focusing on battle royale.",https://www.freetogame.com/open/super-mecha-champions,Shooter,PC (Windows),NetEase Games,NetEase Games,2021-03-25,https://www.freetogame.com/super-mecha-champions,2021,super mecha champions,,,,,,,,,,507.0,Shooter,PC (Windows),NetEase Games,NetEase Games,2021-03-25,https://www.mmobomb.com/super-mecha-champions,True,True,True,True
508,Enlisted,https://www.freetogame.com/g/508/thumbnail.jpg,Get ready to command your own World War II military squad in Gaijin and Darkflow Software’s MMO squad-based shooter Enlisted.,https://www.freetogame.com/open/enlisted,Shooter,PC (Windows),Gaijin Entertainment,Darkflow Software,2021-04-08,https://www.freetogame.com/enlisted,2021,enlisted,,,,,,,,,,508.0,Shooter,PC (Windows),Gaijin Entertainment,Darkflow Software,2021-04-08,https://www.mmobomb.com/enlisted,True,True,True,True
509,Smash Legends,https://www.freetogame.com/g/509/thumbnail.jpg,Classic fairy tales get wild with 5minlab and LINE Games Corporation’s brawl-action game Smash Legends.,https://www.freetogame.com/open/smash-legends,Fighting,PC (Windows),LINE Games Corporation,5minlab,2021-04-13,https://www.freetogame.com/smash-legends,2021,smash legends,,,,,,,,,,509.0,Fighting,PC (Windows),LINE Games Corporation,5minlab,2021-04-13,https://www.mmobomb.com/smash-legends,True,True,True,True
511,Phantasy Star Online 2 New Genesis,https://www.freetogame.com/g/511/thumbnail.jpg,The legacy of Phantasy Star Online 2 continues a thousand years later!,https://www.freetogame.com/open/pso2-new-genesis,MMORPG,PC (Windows),Sega,Sega,2021-06-09,https://www.freetogame.com/pso2-new-genesis,2021,phantasy star online 2 new genesis,,,,,,,,,,511.0,MMORPG,PC (Windows),Sega,Sega,2021-06-09,https://www.mmobomb.com/phantasy-star-online-2-new-genesis,True,True,True,True
512,Sherwood Extreme,https://www.freetogame.com/g/512/thumbnail.jpg,High action arcade shooter Sherwood Extreme sends players on a mission to save the kingdom!,https://www.freetogame.com/open/sherwood-extreme,Shooter,PC (Windows),CAGE Studios,CAGE Studios,2021-05-12,https://www.freetogame.com/sherwood-extreme,2021,sherwood extreme,,,,,,,,,,,,,,,,,,,,
513,Super Squad,https://www.freetogame.com/g/513/thumbnail.jpg,Prepare yourself. It’s time for Mayhem. Super Squad is a multi-player online shoot-’em-up (or MOSH)!,https://www.freetogame.com/open/super-squad,MOBA,PC (Windows),Bad Fox Studios,Bad Fox Studios,2021-06-25,https://www.freetogame.com/super-squad,2021,super squad,,,,,,,,,,,,,,,,,,,,
515,Halo Infinite,https://www.freetogame.com/g/515/thumbnail.jpg,"For the first time ever, a free-to-play Halo experience is available in the form of Halo Infinite’s multiplayer.",https://www.freetogame.com/open/halo-infinite,Shooter,PC (Windows),Xbox Game Studios,343 Industries,2021-11-15,https://www.freetogame.com/halo-infinite,2021,halo infinite,,,,,,,,,,519.0,Shooter,PC (Windows),Xbox Game Studios,343 Industries,2021-11-15,https://www.mmobomb.com/halo-infinite,True,True,True,True
516,PUBG: BATTLEGROUNDS,https://www.freetogame.com/g/516/thumbnail.jpg,Get into the action in one of the longest running battle royale games PUBG Battlegrounds.,https://www.freetogame.com/open/pubg,Shooter,PC (Windows),"KRAFTON, Inc.","KRAFTON, Inc.",2022-01-12,https://www.freetogame.com/pubg,2022,pubg: battlegrounds,,,,,,,,,,1113.0,Shooter,PC (Windows),"KRAFTON, Inc.","KRAFTON, Inc.",2022-01-12,https://www.mmobomb.com/pubg,True,True,True,True
517,Lost Ark,https://www.freetogame.com/g/517/thumbnail.jpg,"Smilegate’s free-to-play multiplayer ARPG is a massive adventure filled with lands waiting to be explored, people waiting to be met, and an ancient evil waiting to be destroyed.",https://www.freetogame.com/open/lost-ark,ARPG,PC (Windows),Amazon Games,Smilegate RPG,2022-02-11,https://www.freetogame.com/lost-ark,2022,lost ark,,,,,,,,,,523.0,ARPG,PC (Windows),Amazon Games,Smilegate,2022-02-11,https://www.mmobomb.com/lost-ark,True,True,True,False
520,Roller Champions,https://www.freetogame.com/g/520/thumbnail.jpg,"What if you could player roller derby, but in a more organized and less physically dangerous environment?",https://www.freetogame.com/open/roller-champions,Sports,PC (Windows),Ubisoft,Ubisoft,2022-05-25,https://www.freetogame.com/roller-champions,2022,roller champions,,,,,,,,,,1117.0,Sports,PC (Windows),Ubisoft,Ubisoft Montreal,2022-05-25,https://www.mmobomb.com/roller-champions,True,True,True,False
521,Diablo Immortal,https://www.freetogame.com/g/521/thumbnail.jpg,"Built for mobile and also released on PC, Diablo Immortal fills in the gaps between Diablo II and III in an MMOARPG environment.",https://www.freetogame.com/open/diablo-immortal,MMOARPG,PC (Windows),Blizzard Entertainment,Blizzard Entertainment,2022-06-02,https://www.freetogame.com/diablo-immortal,2022,diablo immortal,,,,,,,,,,1118.0,MMOARPG,PC (Windows),Activision Blizzard,Blizzard Entertainment,2022-06-02,https://www.mmobomb.com/diablo-immortal,True,True,False,True
522,Flyff Universe,https://www.freetogame.com/g/522/thumbnail.jpg,Get the full Flyff experience on any platform with the free-to-play browser-based MMORPG Flyff Universe.,https://www.freetogame.com/open/flyff-universe,MMORPG,Web Browser,Gala Lab,Gala Lab,2022-06-14,https://www.freetogame.com/flyff-universe,2022,flyff universe,,,,,,,,,,1119.0,MMORPG,Web Browser,Gala Lab,SNIEGU Technologies,2022-06-14,https://www.mmobomb.com/flyff-universe,True,True,True,False
523,Fall Guys,https://www.freetogame.com/g/523/thumbnail.jpg,Play the most competitive massively multiplayer party royale game featuring beans ever for free on a variety of platforms.,https://www.freetogame.com/open/fall-guys,Battle Royale,PC (Windows),Mediatonic,Mediatonic,2020-08-04,https://www.freetogame.com/fall-guys,2020,fall guys,,,,,,,,,,1120.0,Battle Royale,PC (Windows),Mediatonic,Mediatonic,2020-08-04,https://www.mmobomb.com/fall-guys,True,True,True,True
524,Temperia: Soul of Majestic,https://www.freetogame.com/g/524/thumbnail.jpg,"Fans of collectible card games, are you looking for something a bit different from the normal fare? Then a peek at Moonwolf Entertainment and A2 Softworks’ Temperia: Soul of Majestic might be in order.",https://www.freetogame.com/open/temperia,Card Game,PC (Windows),Leonardo Interactive,"MoonWolf Entertainment, A2 Softworks",2022-07-26,https://www.freetogame.com/temperia,2022,temperia: soul of majestic,,,,,,,,,,1121.0,Card Game,PC (Windows),Leonardo Interactive,"MoonWolf Entertainment, A2 Softworks",2022-07-26,https://www.mmobomb.com/temperia,True,True,True,True
527,Aero Tales Online,https://www.freetogame.com/g/527/thumbnail.jpg,Aero Tales Online: The World is a free-to-play 3D anime-style MMORPG with PvP and PvE elements. The game revolves around the “mysterious story of the Key of Skylight”.,https://www.freetogame.com/open/aero-tales-online,MMORPG,PC (Windows),Anisage Games,Anisage Games,2022-08-01,https://www.freetogame.com/aero-tales-online,2022,aero tales online,,,,,,,,,,1124.0,MMORPG,PC (Windows),Anisage Games,Anisage Games,2022-08-01,https://www.mmobomb.com/aero-tales-online,True,True,True,True
529,Tower of Fantasy,https://www.freetogame.com/g/529/thumbnail.jpg,"Tower of Fantasy is a 3D open-world RPG, anime-style sci-fi MMO RPG game with unique characters and beautiful open vistas!",https://www.freetogame.com/open/tower-of-fantasy,MMORPG,PC (Windows),Level Infinite,Hotta Studio,2022-08-10,https://www.freetogame.com/tower-of-fantasy,2022,tower of fantasy,,,,,,,,,,1125.0,MMORPG,PC (Windows),Level Infinite,Hotta Studio,2022-08-10,https://www.mmobomb.com/tower-of-fantasy,True,True,True,True
531,Magic Spellslingers,https://www.freetogame.com/g/531/thumbnail.jpg,Magic Spellslingers is the latest entry based on Witzards of the Coast’s popular card game Magic: The Gathering.,https://www.freetogame.com/open/magic-spellslingers,Card Game,PC (Windows),Wizards of the Coast LLC,"Pipeworks Studios, Seismic Games",2022-08-05,https://www.freetogame.com/magic-spellslingers,2022,magic spellslingers,,,,,,,,,,1128.0,Card Game,PC (Windows),Wizards of the Coast LLC,"Pipeworks Studios, Seismic Games",2022-08-05,https://www.mmobomb.com/magic-spellslingers,True,True,True,True
532,World of Runes,https://www.freetogame.com/g/532/thumbnail.jpg,An adorable anime-style MMO featuring cute pets and collectable cards.,https://www.freetogame.com/open/world-of-runes,MMORPG,Web Browser,F5 Game Company Limited,R2 Games,2022-06-13,https://www.freetogame.com/world-of-runes,2022,world of runes,,,,,,,,,,,,,,,,,,,,
533,A.V.A Global,https://www.freetogame.com/g/533/thumbnail.jpg,"A.V.A is a free-to-play online first-person shooter with multiple game modes, unique customizations, as well as PvP and PvE gameplay.",https://www.freetogame.com/open/ava,Shooter,PC (Windows),NEOWIZ,NEOWIZ,2022-08-24,https://www.freetogame.com/ava,2022,a.v.a global,,,,,,,,,,1096.0,MMOFPS,PC (Windows),NEOWIZ,NEOWIZ,2022-08-24,https://www.mmobomb.com/ava,False,True,True,True
534,Lost Light,https://www.freetogame.com/g/534/thumbnail.jpg,A post-apocalyptic shooter built around creating a realistic experience.,https://www.freetogame.com/open/lost-light,Shooter,PC (Windows),NetEase Games,NetEase Games,2022-08-04,https://www.freetogame.com/lost-light,2022,lost light,,,,,,,,,,1130.0,Shooter,PC (Windows),NetEase Games,NetEase Games,2022-09-01,https://www.mmobomb.com/lost-light,True,True,True,True
535,Mirage Online Classic,https://www.freetogame.com/g/535/thumbnail.jpg,A browser-based free-to-play spiritual successor to 2001's Mirage Online.,https://www.freetogame.com/open/mirage-online-classic,MMORPG,Web Browser,Retrelon Games,Retrelon Games,2019-12-24,https://www.freetogame.com/mirage-online-classic,2019,mirage online classic,,,,,,,,,,1131.0,MMORPG,Web Browser,Retrelon Games LLC,Retrelon Games LLC,2019-12-24,https://www.mmobomb.com/mirage-online-classic,True,True,False,False
536,Omega Strikers,https://www.freetogame.com/g/536/thumbnail.jpg,A 3v3 socccer-style game with knockouts.,https://www.freetogame.com/open/omega-strikers,Sports,PC (Windows),Odyssey Interactive,Odyssey Interactive,2022-09-16,https://www.freetogame.com/omega-strikers,2022,omega strikers,,,,,,,,,,1134.0,Sports,PC (Windows),Odyssey Interactive,Odyssey Interactive,2022-09-16,https://www.mmobomb.com/omega-strikers,True,True,True,True
537,Gundam Evolution,https://www.freetogame.com/g/537/thumbnail.jpg,A 6v6 team-based shooter based on the Gundam multiverse,https://www.freetogame.com/open/gundam-evolution,Shooter,PC (Windows),Bandai Namco,Bandai Namco,2022-09-21,https://www.freetogame.com/gundam-evolution,2022,gundam evolution,,,,,,,,,,1133.0,Shooter,PC (Windows),BANDAI NAMCO Online Inc.,BANDAI NAMCO Online Inc.,2022-09-21,https://www.mmobomb.com/gundam-evolution,True,True,False,False
538,World War 3,https://www.freetogame.com/g/538/thumbnail.jpg,A realistic multiplayer tactical FPS.,https://www.freetogame.com/open/world-war-3,Shooter,PC (Windows),"Wishlist Games, The 4 Winds Entertainment",The Farm 51,2018-10-19,https://www.freetogame.com/world-war-3,2018,world war 3,,,,,,,,,,1135.0,Shooter,PC (Windows),"MY.GAMES, The 4 Winds Entertainment",The Farm 51,2018-09-19,https://www.mmobomb.com/world-war-3,True,True,False,True
540,Overwatch,https://www.freetogame.com/g/540/thumbnail.jpg,A hero-focused first-person team shooter from Blizzard Entertainment.,https://www.freetogame.com/open/overwatch,Shooter,PC (Windows),Activision Blizzard,Blizzard Entertainment,2022-10-04,https://www.freetogame.com/overwatch,2022,overwatch,,,,,,,,,,1136.0,Shooter,PC (Windows),Activision Blizzard King,Blizzard Entertainment,2022-10-04,https://www.mmobomb.com/overwatch,True,True,False,True
541,Marvel Snap,https://www.freetogame.com/g/541/thumbnail.jpg,A fast paced strategy card game set in the Marvel universe.,https://www.freetogame.com/open/marvel-snap,Card Game,PC (Windows),Nuverse,"Second Dinner Studios, Inc.",2022-10-18,https://www.freetogame.com/marvel-snap,2022,marvel snap,,,,,,,,,,1138.0,Card Game,PC (Windows),Nuverse,"Second Dinner Studios, Inc.",2022-10-18,https://www.mmobomb.com/marvel-snap,True,True,True,True
542,World Boss,https://www.freetogame.com/g/542/thumbnail.jpg,An experimental FPS based on io and roguelike gameplay.,https://www.freetogame.com/open/world-boss,Shooter,PC (Windows),Playside,Playside,2022-10-19,https://www.freetogame.com/world-boss,2022,world boss,,,,,,,,,,1139.0,Shooter,PC (Windows),PlaySide,PlaySide,2022-10-19,https://www.mmobomb.com/world-boss,True,True,True,True
543,Battle Arena Heroes Adventure,https://www.freetogame.com/g/543/thumbnail.jpg,A MOBA with RPG elements.,https://www.freetogame.com/open/battle-arena-heroes-adventure,Strategy,Web Browser,Espirit Games,Espirit Games,2018-03-19,https://www.freetogame.com/battle-arena-heroes-adventure,2018,battle arena heroes adventure,,,,,,,,,,,,,,,,,,,,
545,Fangs,https://www.freetogame.com/g/545/thumbnail.jpg,A 4v4 MOBA with hero-specific strategies.,https://www.freetogame.com/open/fangs,MOBA,PC (Windows),Hidden Leaf Games,Hidden Leaf Games,2022-11-30,https://www.freetogame.com/fangs,2022,fangs,,,,,,,,,,1143.0,MOBA,PC (Windows),Hidden Leaf Games,Hidden Leaf Games,2022-11-30,https://www.mmobomb.com/fangs,True,True,True,True
549,Summoners War: Chronicles,https://www.freetogame.com/g/549/thumbnail.jpg,A multi-platform ARPG set in the Summoners War universe.,https://www.freetogame.com/open/summoners-war-chronicles,MMORPG,PC (Windows),Com2uS,Com2uS,2022-11-09,https://www.freetogame.com/summoners-war-chronicles,2022,summoners war: chronicles,,,,,,,,,,1147.0,MMORPG,PC (Windows),Com2uS,Com2uS,2022-11-09,https://www.mmobomb.com/summoners-war-chronicles,True,True,True,True
550,"Goose, Goose, DUCK",https://www.freetogame.com/g/550/thumbnail.jpg,A social deduction game with geese.,https://www.freetogame.com/open/goose-goose-duck,Strategy,PC (Windows),"Gaggle Studios, Inc.","Gaggle Studios, Inc.",2021-10-03,https://www.freetogame.com/goose-goose-duck,2021,"goose, goose, duck",,,,,,,,,,,,,,,,,,,,
551,Veiled Experts,https://www.freetogame.com/g/551/thumbnail.jpg,A free-to-play multiplayer shooter game focused on the search and destroy mode of classic shooters.,https://www.freetogame.com/open/veiled-experts,Shooter,PC (Windows),"Nexon Games Co., LTC",Nexon,2023-05-18,https://www.freetogame.com/veiled-experts,2023,veiled experts,,,,,,,,,,1152.0,Shooter,PC (Windows),NEXON,NEXON Games Co. Ltd.,2023-05-18,https://www.mmobomb.com/veiled-experts,True,True,False,False
552,Jected - Rivals,https://www.freetogame.com/g/552/thumbnail.jpg,A free-to-play game mixing extreme sports with destructible vehicles and a unique ejection mechanic.,https://www.freetogame.com/open/jected-rivals,Sports,PC (Windows),THQ Nordic,PowWow Entertainment,2023-05-04,https://www.freetogame.com/jected-rivals,2023,jected - rivals,,,,,,,,,,1151.0,Racing,PC (Windows),THQ Nordic,Pow Wow Entertainment,2023-05-04,https://www.mmobomb.com/jected-rivals,False,True,True,False
554,Undawn,https://www.freetogame.com/g/554/thumbnail.jpg,A free-to-play open-world survival RPG developed by LightSpeed studios and published by Level Infinite.,https://www.freetogame.com/open/undawn,Shooter,PC (Windows),Level Infinite,LightSpeed Studios,2023-06-15,https://www.freetogame.com/undawn,2023,undawn,,,,,,,,,,1153.0,Shooter,PC (Windows),Level infinite,Lightspeed Studios,2023-06-15,https://www.mmobomb.com/undawn,True,True,True,True
556,Naraka: Bladepoint,https://www.freetogame.com/g/556/thumbnail.jpg,A free-to-play melee focused battle royale.,https://www.freetogame.com/open/naraka-bladepoint,Battle Royale,PC (Windows),24 Entertainment,NetEase,2023-07-13,https://www.freetogame.com/naraka-bladepoint,2023,naraka: bladepoint,,,,,,,,,,1156.0,Battle Royale,PC (Windows),Netease Games Global,24 Entertainment,2023-07-13,https://www.mmobomb.com/naraka-bladepoint,True,True,False,False
557,Ethyrial: Echoes of Yore,https://www.freetogame.com/g/557/thumbnail.jpg,A old-school MMORPG set in a world on the brink of Civil War,https://www.freetogame.com/open/ethyrial-echoes-of-yore,MMORPG,PC (Windows),Gellyberry Studios,Gellyberry Studios,2023-05-01,https://www.freetogame.com/ethyrial-echoes-of-yore,2023,ethyrial: echoes of yore,,,,,,,,,,1157.0,MMORPG,PC (Windows),Gellyberry Studios,Gellyberry Studios,2023-05-01,https://www.mmobomb.com/ethyrial-echoes-of-yore,True,True,True,True
558,Hawked,https://www.freetogame.com/g/558/thumbnail.jpg,A free-to-play PvPvE treasure hunting shooter.,https://www.freetogame.com/open/hawked,Shooter,PC (Windows),My.Games,My.Games,2023-08-03,https://www.freetogame.com/hawked,2023,hawked,,,,,,,,,,1158.0,Shooter,PC (Windows),MY.GAMES,MY.GAMES,2023-08-03,https://www.mmobomb.com/hawked,True,True,True,True
559,Tales Of Yore,https://www.freetogame.com/g/559/thumbnail.jpg,A 2D MMORPG with lots of RPG tropes.,https://www.freetogame.com/open/tales-of-yore,MMORPG,"PC (Windows), Web Browser",Coke And Code,Coke And Code,2023-08-08,https://www.freetogame.com/tales-of-yore,2023,tales of yore,,,,,,,,,,1159.0,MMORPG,"PC (Windows), Web Browser",Coke and Code,Coke and Code,2023-08-08,https://www.mmobomb.com/tales-of-yore,True,True,True,True
560,Palia,https://www.freetogame.com/g/560/thumbnail.jpg,A cozy MMO with homebuilding and some adventure.,https://www.freetogame.com/open/palia,MMORPG,PC (Windows),Singularity Six,Singularity Six,2023-08-10,https://www.freetogame.com/palia,2023,palia,,,,,,,,,,1160.0,MMORPG,PC (Windows),Singularity Six,Singularity Six,2023-08-10,https://www.mmobomb.com/palia,True,True,True,True
562,Waven,https://www.freetogame.com/g/562/thumbnail.jpg,A free-to-play online tactical RPG from Ankama.,https://www.freetogame.com/open/waven,Strategy,PC (Windows),Ankama Studio,Ankama Games,2023-08-16,https://www.freetogame.com/waven,2023,waven,,,,,,,,,,1163.0,Strategy,PC (Windows),Ankama Games,Ankama Studio,2023-08-16,https://www.mmobomb.com/waven,True,True,False,False
563,Kakale Online,https://www.freetogame.com/g/563/thumbnail.jpg,A free-to-play top-down 2D MMORPG from developer and publisher ViVa Games.,https://www.freetogame.com/open/kakale-online,MMORPG,PC (Windows),ViVa Games,ViVa Games,2020-02-01,https://www.freetogame.com/kakale-online,2020,kakale online,,,,,,,,,,,,,,,,,,,,
566,Town of Salem 2,https://www.freetogame.com/g/566/thumbnail.jpg,A deduction game set in Salem.,https://www.freetogame.com/open/town-of-salem-2,Strategy,PC (Windows),BlankMediaGames LLC,BlankMediaGames LLC,2023-08-25,https://www.freetogame.com/town-of-salem-2,2023,town of salem 2,,,,,,,,,,1167.0,Strategy,PC (Windows),BlankMediaGames LLC,BlankMediaGames LLC,2023-08-25,https://www.mmobomb.com/town-of-salem-2,True,True,True,True
567,Microvolts: Recharged,https://www.freetogame.com/g/567/thumbnail.jpg,A lobby-based third-person shooter with a toy-theme.,https://www.freetogame.com/open/microvolts,Shooter,PC (Windows),Masangsoft,Masangsoft,2023-09-08,https://www.freetogame.com/microvolts,2023,microvolts: recharged,,,,,,,,,,976.0,MMOTPS,PC (Windows),Masangsoft,Masangsoft,2023-09-09,https://www.mmobomb.com/microvolts,False,True,True,True
568,"Warhammer 40,000: Warpforge",https://www.freetogame.com/g/568/thumbnail.jpg,A free-to-play CCG set in the Warhammer 40K universe.,https://www.freetogame.com/open/warhammer-40000-warpforge,Card Game,PC (Windows),Everguild Ltd.,Everguild Ltd.,2023-10-19,https://www.freetogame.com/warhammer-40000-warpforge,2023,"warhammer 40,000: warpforge",,,,,,,,,,1168.0,Card Game,PC (Windows),Everguild Ltd.,Everguild Ltd.,2023-10-19,https://www.mmobomb.com/warhammer-40000-warpforge,True,True,True,True
569,Destiny's Divide,https://www.freetogame.com/g/569/thumbnail.jpg,Free-to-play PvP Fantasy Card Game for competitive card game players.,https://www.freetogame.com/open/destinys-divide,Card Game,PC (Windows),Fobia,Fobia,2023-11-03,https://www.freetogame.com/destinys-divide,2023,destiny's divide,,,,,,,,,,1169.0,Card Game,PC (Windows),Fobia,Fobia,2023-11-03,https://www.mmobomb.com/destinys-divide,True,True,True,True
570,The Finals,https://www.freetogame.com/g/570/thumbnail.jpg,A game-show style PvP shooter from Embark Studios.,https://www.freetogame.com/open/the-finals,Shooter,PC (Windows),Embark Studios,Embark Studios,2023-12-07,https://www.freetogame.com/the-finals,2023,the finals,,,,,,,,,,1170.0,Shooter,PC (Windows),Embark Studios,Embark Studios,2023-12-07,https://www.mmobomb.com/the-finals,True,True,True,True
571,Infinite Borders,https://www.freetogame.com/g/571/thumbnail.jpg,A free-to-play strategy game from NetEase set during China’s Three Kingdoms period.,https://www.freetogame.com/open/infinite-borders,Strategy,PC (Windows),NetEase Games,NetEase Games,2023-12-22,https://www.freetogame.com/infinite-borders,2023,infinite borders,,,,,,,,,,1171.0,Strategy,PC (Windows),NetEase Games,NetEase Games,2023-12-22,https://www.mmobomb.com/infinite-borders,True,True,True,True
572,Ravendawn,https://www.freetogame.com/g/572/thumbnail.jpg,A 2D top-down MMORPG featuring homesteading and building mechanics.,https://www.freetogame.com/open/ravendawn,MMORPG,PC (Windows),Tavernlight Games,Tavernlight Games,2024-01-16,https://www.freetogame.com/ravendawn,2024,ravendawn,,,,,,,,,,,,,,,,,,,,
573,Titan Revenge,https://www.freetogame.com/g/573/thumbnail.jpg,A 3D Norse-themed browser MMORPG developed and published by Game Hollywood Games,https://www.freetogame.com/open/titan-revenge,MMORPG,Web Browser,Game Hollywood Games,Game Hollywood Games,2023-12-20,https://www.freetogame.com/titan-revenge,2023,titan revenge,,,,,,,,,,1173.0,MMORPG,Web Browser,Game Hollywood Games,Game Hollywood Games,2023-12-20,https://www.mmobomb.com/titan-revenge,True,True,True,True
575,One Punch Man: World,https://www.freetogame.com/g/575/thumbnail.jpg,A free-to-play multiplayer 3D action game from Crunchyroll Games.,https://www.freetogame.com/open/one-punch-man-world,Action Game,PC (Windows),Perfect World Games,Crunchyroll,2024-01-31,https://www.freetogame.com/one-punch-man-world,2024,one punch man: world,,,,,,,,,,1175.0,Action Game,PC (Windows),A PLUS JAPAN,Perfect World,2024-01-31,https://www.mmobomb.com/one-punch-man-world,True,True,False,False
576,Battle Teams 2,https://www.freetogame.com/g/576/thumbnail.jpg,A multiplayer tactical shooter with an Eastern aesthetic.,https://www.freetogame.com/open/battle-teams-2,Shooter,PC (Windows),Wizard Games Global,Wizard Games Global,2024-01-31,https://www.freetogame.com/battle-teams-2,2024,battle teams 2,,,,,,,,,,1174.0,Shooter,PC (Windows),Wizard Games Global Limited,Wizard Games Global Limited,2024-01-31,https://www.mmobomb.com/battle-teams-2,True,True,False,False
577,Deceit 2,https://www.freetogame.com/g/577/thumbnail.jpg,A social deduction game from World Makers.,https://www.freetogame.com/open/deceit-2,Action,PC (Windows),World Makers,World Makers,2023-09-14,https://www.freetogame.com/deceit-2,2023,deceit 2,,,,,,,,,,1176.0,Action Game,PC (Windows),World Makers,World Makers,2023-09-14,https://www.mmobomb.com/deceit-2,False,True,True,True
578,Predecessor,https://www.freetogame.com/g/578/thumbnail.jpg,A free-to-play MOBA shooter developed and published by Omeda Studios.,https://www.freetogame.com/open/predecessor,MOBA,PC (Windows),Omeda Studios,Omeda Studios,2024-03-28,https://www.freetogame.com/predecessor,2024,predecessor,,,,,,,,,,1177.0,MOBA,PC (Windows),Omeda Studios,Omeda Studios,2024-03-28,https://www.mmobomb.com/predecessor,True,True,True,True
579,Project Apidom,https://www.freetogame.com/g/579/thumbnail.jpg,A free-to-play apocalyptic extraction RPG with MOBA-like combat.,https://www.freetogame.com/open/project-apidom,MOBA,PC (Windows),"Breach.gg, RedTigerPro",Breach.gg,2024-03-29,https://www.freetogame.com/project-apidom,2024,project apidom,,,,,,,,,,1178.0,MOBA,PC (Windows),"Breach.gg, RedTigerPro",Breach.gg,2024-03-29,https://www.mmobomb.com/project-apidom,True,True,True,True
580,Screenplay CCG,https://www.freetogame.com/g/580/thumbnail.jpg,A collectible card game inspired by movie making.,https://www.freetogame.com/open/screenplay,Card Game,PC (Windows),Comico Games,Comico Games,2024-05-13,https://www.freetogame.com/screenplay,2024,screenplay ccg,,,,,,,,,,1179.0,Card Game,PC (Windows),Comico Games,Comico Games,2024-05-13,https://www.mmobomb.com/screenplay-ccg,True,True,True,True
583,The First Descendant,https://www.freetogame.com/g/583/thumbnail.jpg,A free-to-play third-person co-op looter shooter developed and published by Nexon.,https://www.freetogame.com/open/the-first-descendant,Shooter,PC (Windows),Nexon,"Nexon Games Co., Ltd.",2024-07-02,https://www.freetogame.com/the-first-descendant,2024,the first descendant,,,,,,,,,,1182.0,Shooter,PC (Windows),NEXON,NEXON Games Co. Ltd.,2024-07-02,https://www.mmobomb.com/the-first-descendant,True,True,True,False
584,Once Human,https://www.freetogame.com/g/584/thumbnail.jpg,A post-apocalyptic open-world survival game from Starry Studio.,https://www.freetogame.com/open/once-human,Shooter,PC (Windows),Starry Studio,Starry Studio,2024-07-09,https://www.freetogame.com/once-human,2024,once human,,,,,,,,,,1183.0,Shooter,PC (Windows),Starry Studio,Starry Studio,2024-07-09,https://www.mmobomb.com/once-human,True,True,True,True
585,SolForge Fusion,https://www.freetogame.com/g/585/thumbnail.jpg,A card-battling game in which each card levels up and becomes more powerful.,https://www.freetogame.com/open/solforge-fusion,Card Game,PC (Windows),Stone Blade Entertainment,"Richard Garfield, Justin Gary",2024-04-16,https://www.freetogame.com/solforge-fusion,2024,solforge fusion,,,,,,,,,,,,,,,,,,,,
586,Stormgate,https://www.freetogame.com/g/586/thumbnail.jpg,A free-to-play science fantasy real-time strategy game in which humans and robots defend Earth from alien forces.,https://www.freetogame.com/open/stormgate,Strategy,PC (Windows),Frost Giant Studios,Frost Giant Studios,2024-07-30,https://www.freetogame.com/stormgate,2024,stormgate,,,,,,,,,,1184.0,Strategy,PC (Windows),Frost Giant Studios,Frost Giant Studios,2024-08-13,https://www.mmobomb.com/stormgate,True,True,True,True
587,Spectre Divide,https://www.freetogame.com/g/587/thumbnail.jpg,"A 3v3 tactical shooter developed and published by Mountaintop Studios in partnership with former pro gamer shroud,",https://www.freetogame.com/open/spectre-divide,Shooter,PC (Windows),Mountaintop Studios,Mountaintop Studios,2024-09-03,https://www.freetogame.com/spectre-divide,2024,spectre divide,,,,,,,,,,1185.0,Shooter,PC (Windows),Mountaintop Studios,Mountaintop Studios,2024-09-03,https://www.mmobomb.com/spectre-divide,True,True,True,True
588,Vigor,https://www.freetogame.com/g/588/thumbnail.jpg,A free-to-play looter shooter from the developers of Operation Flashpoint and the Arma series.,https://www.freetogame.com/open/vigor,Shooter,PC (Windows),Bohemia Interactive,Bohemia Interactive,2024-09-18,https://www.freetogame.com/vigor,2024,vigor,,,,,,,,,,581.0,Shooter,PC (Windows),Bohemia Interactive,Bohemia Interactive,2024-09-18,https://www.mmobomb.com/vigor,True,True,True,True
589,Sky: Children of the Light,https://www.freetogame.com/g/589/thumbnail.jpg,A cozy free-to-play MMORPG from thatgamecompany.,https://www.freetogame.com/open/sky-children-of-the-light,MMORPG,PC (Windows),thatgamecompany,thatgamecompany,2024-04-10,https://www.freetogame.com/sky-children-of-the-light,2024,sky: children of the light,,,,,,,,,,1186.0,MMORPG,PC (Windows),thatgamecompany,thatgamecompany,2024-04-10,https://www.mmobomb.com/sky-children-of-the-light,True,True,True,True
590,Throne And Liberty,https://www.freetogame.com/g/590/thumbnail.jpg,A free-to-play multi-platorm MMORPG from NCSoft and Amazon Games.,https://www.freetogame.com/open/throne-and-liberty,MMORPG,PC (Windows),Amazon Games,NCSoft,2024-10-01,https://www.freetogame.com/throne-and-liberty,2024,throne and liberty,,,,,,,,,,1187.0,MMORPG,PC (Windows),Amazon Games,NCSoft,2024-10-01,https://www.mmobomb.com/throne-and-liberty,True,True,True,True
591,Battle Crush,https://www.freetogame.com/g/591/thumbnail.jpg,An action brawler for up to 30 players.,https://www.freetogame.com/open/battle-crush,Battle Royale,PC (Windows),NCSoft,NCSoft,2024-06-27,https://www.freetogame.com/battle-crush,2024,battle crush,,,,,,,,,,1188.0,Battle Royale,PC (Windows),NCSOFT Corporation,NCSOFT Corporation,2024-06-27,https://www.mmobomb.com/battle-crush,True,True,False,False
592,Starborne: Frontiers,https://www.freetogame.com/g/592/thumbnail.jpg,A tactical autobattler set 400 years in the future.,https://www.freetogame.com/open/starborne-frontiers,Strategy,PC (Windows),Solid Clouds hf.,Solid Clouds hf.,2024-10-14,https://www.freetogame.com/starborne-frontiers,2024,starborne: frontiers,,,,,,,,,,571.0,Strategy,PC (Windows),Solid Clouds,Solid Clouds,2024-10-14,https://www.mmobomb.com/starborne,True,True,False,False
593,Return Alive,https://www.freetogame.com/g/593/thumbnail.jpg,A free-to-play top-down tactical shooter.,https://www.freetogame.com/open/return-alive,Shooter,PC (Windows),KOG,KOG,2024-10-23,https://www.freetogame.com/return-alive,2024,return alive,,,,,,,,,,1189.0,Shooter,PC (Windows),KOG Games,KOG Games,2024-10-23,https://www.mmobomb.com/return-alive,True,True,False,False
594,Stalcraft: X,https://www.freetogame.com/g/594/thumbnail.jpg,A free-to-play MMOFPS set in an open-world.,https://www.freetogame.com/open/stalcraft-x,Shooter,PC (Windows),EXBO,EXBO,2022-12-09,https://www.freetogame.com/stalcraft-x,2022,stalcraft: x,,,,,,,,,,1190.0,Shooter,PC (Windows),EXBO,EXBO,2022-12-09,https://www.mmobomb.com/stalcraft-x,True,True,True,True
595,Brighter Shores,https://www.freetogame.com/g/595/thumbnail.jpg,"A point-and-click MMORPG from RuneScape's creator, Andrew Gower.",https://www.freetogame.com/open/brighter-shores,MMORPG,PC (Windows),Fen Research LTD,Fen Research LTD,2024-11-06,https://www.freetogame.com/brighter-shores,2024,brighter shores,,,,,,,,,,1191.0,MMORPG,PC (Windows),Fen Research LTD,Fen Research LTD,2024-11-06,https://www.mmobomb.com/brighter-shores,True,True,True,True
597,Strinova,https://www.freetogame.com/g/597/thumbnail.jpg,A third-person tactical shooter that features the unique mechanic of allowing players to switch between three-dimensional and two-dimensional forms.,https://www.freetogame.com/open/strinova,Shooter,PC (Windows),iDreamSky,iDreamSky,2024-11-21,https://www.freetogame.com/strinova,2024,strinova,,,,,,,,,,1193.0,Shooter,PC (Windows),iDreamSky,iDreamSky,2024-11-21,https://www.mmobomb.com/strinova,True,True,True,True
598,SUPERVIVE,https://www.freetogame.com/g/598/thumbnail.jpg,"Combine MOBAs, battle royales, and hero shooters into one fast paced game hand you have SUPERVIVE.",https://www.freetogame.com/open/supervive,MOBA,PC (Windows),Theorycraft Games,Theorycraft Games,2024-11-20,https://www.freetogame.com/supervive,2024,supervive,,,,,,,,,,1194.0,MOBA,PC (Windows),Theorycraft Games,Theorycraft Games,2024-11-20,https://www.mmobomb.com/supervive,True,True,True,True
599,Marvel Rivals,https://www.freetogame.com/g/599/thumbnail.jpg,A free-to-play superhero team shooter from NetEase.,https://www.freetogame.com/open/marvel-rivals,Shooter,PC (Windows),NetEase,NetEase,2024-12-06,https://www.freetogame.com/marvel-rivals,2024,marvel rivals,,,,,,,,,,1195.0,Shooter,PC (Windows),NetEase Games,NetEase Games,2024-12-06,https://www.mmobomb.com/marvel-rivals,True,True,False,False
601,Delta Force,https://www.freetogame.com/g/601/thumbnail.jpg,A free-to-play team-based tactical shooter.,https://www.freetogame.com/open/delta-force,Shooter,PC (Windows),TiMi Studio Group,Team Jade,2024-12-04,https://www.freetogame.com/delta-force,2024,delta force,,,,,,,,,,1197.0,Shooter,PC (Windows),TiMi Studio Group,Team Jade,2024-12-04,https://www.mmobomb.com/delta-force,True,True,True,True
602,Smite 2,https://www.freetogame.com/g/602/thumbnail.jpg,The free-to-play Unreal Engine 5-powered sequel to the popular third-person MOBA,https://www.freetogame.com/open/smite-2,MOBA,PC (Windows),Hi-Rez Studios,Titan Forge Games,2024-08-27,https://www.freetogame.com/smite-2,2024,smite 2,,,,,,,,,,1198.0,MOBA,PC (Windows),Hi-Rez Studios,Titan Forge Games,2024-08-27,https://www.mmobomb.com/smite-2,True,True,True,True
603,War Robots: Frontiers,https://www.freetogame.com/g/603/thumbnail.jpg,A multiplayer mech game set in a planetary system light years from Earth.,https://www.freetogame.com/open/war-robots-frontiers,Shooter,PC (Windows),My.games,My.games,2025-03-04,https://www.freetogame.com/war-robots-frontiers,2025,war robots: frontiers,,,,,,,,,,1199.0,Shooter,PC (Windows),MY.GAMES,MY.GAMES,2025-03-04,https://www.mmobomb.com/war-robots-frontiers,True,True,True,True
604,FragPunk,https://www.freetogame.com/g/604/thumbnail.jpg,A free-to-play 5v5 hero shooter that uses cards to modify matches.,https://www.freetogame.com/open/fragpunk,Shooter,PC (Windows),Bad Guitar Studio,Bad Guitar Studio,2025-03-06,https://www.freetogame.com/fragpunk,2025,fragpunk,,,,,,,,,,1200.0,Shooter,PC (Windows),Bad Guitar Studio,Bad Guitar Studio,2025-03-06,https://www.mmobomb.com/fragpunk,True,True,True,True
605,Honkai: Star Rail,https://www.freetogame.com/g/605/thumbnail.jpg,A free-to-play sci-fantasy game from HoYoVerse,https://www.freetogame.com/open/honkai-star-rail,RPG,PC (Windows),HoYoVerse,HoYoVerse,2023-04-26,https://www.freetogame.com/honkai-star-rail,2023,honkai: star rail,,,,,,,,,,,,,,,,,,,,
606,Steel Hunters,https://www.freetogame.com/g/606/thumbnail.jpg,A post-apocalyptic extraction shooter with giant mechs.,https://www.freetogame.com/open/steel-hunters,Shooter,PC (Windows),Wargaming,Wargaming,2025-04-02,https://www.freetogame.com/steel-hunters,2025,steel hunters,,,,,,,,,,1201.0,Shooter,PC (Windows),Wargaming Group Limited,Wargaming Group Limited,2025-04-02,https://www.mmobomb.com/steel-hunters,True,True,False,False
607,The Lost Glitches,https://www.freetogame.com/g/607/thumbnail.jpg,A cyberpunk RPG trading card game from Honig Studios.,https://www.freetogame.com/open/the-lost-glitches,Card Game,PC (Windows),Honig Studios GmbH,Mimunga LLC,2025-04-29,https://www.freetogame.com/the-lost-glitches,2025,the lost glitches,,,,,,,,,,1204.0,Card Game,PC (Windows),Mimunga LLC,Honig Studios GmbH,2025-04-29,https://www.mmobomb.com/the-lost-glitches,True,True,False,False
608,Odin: Valhalla Rising,https://www.freetogame.com/g/608/thumbnail.jpg,An open-world MMORPG based on Norse mythology.,https://www.freetogame.com/open/odin-valhalla-rising,MMORPG,PC (Windows),Kakao Games,Lionheart Studios,2025-04-29,https://www.freetogame.com/odin-valhalla-rising,2025,odin: valhalla rising,,,,,,,,,,1202.0,MMORPG,PC (Windows),Kakao Games,Lionheart Studio,2025-04-29,https://www.mmobomb.com/odin-valhalla-rising,True,True,True,False
609,Crystal Of Atlan,https://www.freetogame.com/g/609/thumbnail.jpg,A magicpunk MMORPG from Nuverse.,https://www.freetogame.com/open/crystal-of-atlan,MMORPG,PC (Windows),Skystone Games,Nuverse,2025-05-26,https://www.freetogame.com/crystal-of-atlan,2025,crystal of atlan,,,,,,,,,,1206.0,MMORPG,PC (Windows),Skystone Games,Nuverse Pte.Ltd.,2025-05-26,https://www.mmobomb.com/crystal-of-atlan,True,True,True,False
610,Splitgate: Arena Reloaded,https://www.freetogame.com/g/610/thumbnail.jpg,A free-to-play shooter using portals.,https://www.freetogame.com/open/splitgate-arena-reloaded,Shooter,PC (Windows),1047 Games,1047 Games,2025-05-22,https://www.freetogame.com/splitgate-arena-reloaded,2025,splitgate: arena reloaded,,,,,,,,,,1207.0,Shooter,PC (Windows),1047 Games,1047 Games,2025-05-22,https://www.mmobomb.com/splitgate-arena-reloaded,True,True,True,True
611,Mecha BREAK,https://www.freetogame.com/g/611/thumbnail.jpg,A team-based third-person shooter featuring mechs.,https://www.freetogame.com/open/mecha-break,Shooter,PC (Windows),Amazing Seasun Games,Amazing Seasun Games,2025-07-01,https://www.freetogame.com/mecha-break,2025,mecha break,,,,,,,,,,1208.0,Shooter,PC (Windows),Amazing Seasun Games,Amazing Seasun Games,2025-07-01,https://www.mmobomb.com/mecha-break,True,True,True,True
612,Terminull Brigade,https://www.freetogame.com/g/612/thumbnail.jpg,A free-to-play third-person looter-shooter with customizable characters.,https://www.freetogame.com/open/terminull-brigade,Shooter,PC (Windows),Pew Pew Games,Pew Pew Games,2025-07-29,https://www.freetogame.com/terminull-brigade,2025,terminull brigade,,,,,,,,,,1209.0,Shooter,PC (Windows),Level Infinite,Pew Pew Games,2025-07-29,https://www.mmobomb.com/terminull-brigade,True,True,False,True
613,Dfiance,https://www.freetogame.com/g/613/thumbnail.jpg,A free-to-play tactical card game.,https://www.freetogame.com/open/dfiance,Card Game,PC (Windows),Dfiance,Dfiance,2025-08-04,https://www.freetogame.com/dfiance,2025,dfiance,,,,,,,,,,1210.0,Card Game,PC (Windows),Dfiance,Dfiance,2025-08-05,https://www.mmobomb.com/dfiance,True,True,True,True
614,Dungeon Stalker,https://www.freetogame.com/g/614/thumbnail.jpg,A free-to-play dungeon crawler with survival elements.,https://www.freetogame.com/open/dungeon-stalker,Dungeon Crawler,PC (Windows),OneUniverse,OneUniverse,2025-08-13,https://www.freetogame.com/dungeon-stalker,2025,dungeon stalker,,,,,,,,,,,,,,,,,,,,
615,Arena Breakout: Infinite,https://www.freetogame.com/g/615/thumbnail.jpg,A free-to-play tactical extraction shooter.,https://www.freetogame.com/open/arena-breakout-infinite,Shooter,PC (Windows),MoreFun Studios,MoreFun Studios,2025-09-16,https://www.freetogame.com/arena-breakout-infinite,2025,arena breakout: infinite,,,,,,,,,,1213.0,Shooter,PC (Windows),Morefun Studios,Morefun Studios,2025-09-15,https://www.mmobomb.com/arena-breakout-infinite,True,True,True,True
616,Warborne Above Ashes,https://www.freetogame.com/g/616/thumbnail.jpg,A free-to-play PvP-centric MMO.,https://www.freetogame.com/open/warborne-above-ashes,MMO,PC (Windows),Qooland,Qooland,2025-09-19,https://www.freetogame.com/warborne-above-ashes,2025,warborne above ashes,,,,,,,,,,1214.0,Strategy,PC (Windows),Qooland Games,Qooland Games,2025-09-18,https://www.mmobomb.com/warborne-above-ashes,False,True,False,False
617,Eterspire,https://www.freetogame.com/g/617/thumbnail.jpg,"A free-to-play, cross-platform MMORPG.",https://www.freetogame.com/open/eterspire,MMORPG,PC (Windows),Stonehollow Workshop,Stonehollow Workshop,2025-09-15,https://www.freetogame.com/eterspire,2025,eterspire,,,,,,,,,,1215.0,MMORPG,PC (Windows),Stonehollow Workshop,Stonehollow Workshop,2025-09-15,https://www.mmobomb.com/eterspire,True,True,True,True
618,skate.,https://www.freetogame.com/g/618/thumbnail.jpg,"The latest, free-to-play, entry in the Skate franchise.",https://www.freetogame.com/open/skate,Sports,PC (Windows),Full Circle,Electronic Arts,2025-09-16,https://www.freetogame.com/skate,2025,skate.,,,,,,,,,,1216.0,Sports,PC (Windows),Electronic Arts,Full Circle,2025-09-16,https://www.mmobomb.com/skate,True,True,False,False
619,Blade & Soul Heroes,https://www.freetogame.com/g/619/thumbnail.jpg,A free-to-play collectible action MMORPG set in the Blade & Soul universe.,https://www.freetogame.com/open/blade-soul-heroes,MMORPG,PC (Windows),NCSoft,NCSoft,2025-09-24,https://www.freetogame.com/blade-soul-heroes,2025,blade & soul heroes,,,,,,,,,,1217.0,MMORPG,PC (Windows),NCSOFT,NCSOFT,2025-09-24,https://www.mmobomb.com/blade-soul-heroes,True,True,True,True
620,Hero Wars: Dominion Era,https://www.freetogame.com/g/620/thumbnail.jpg,A free-to-play fantasy MMORPG where players assemble teams of heroes to battle against powerful enemies.,https://www.freetogame.com/open/hero-wars,MMORPG,Web Browser,Nexters,Nexters,2016-10-01,https://www.freetogame.com/hero-wars,2016,hero wars: dominion era,,,,,,,,,,1218.0,MMORPG,Web Browser,Nexters,Nexters,2016-10-01,https://www.mmobomb.com/hero-wars,True,True,True,True
621,2XKO,https://www.freetogame.com/g/621/thumbnail.jpg,A free-to-play 2v2 fighting game set in the League of Legends universe.,https://www.freetogame.com/open/2xko,Fighting,PC (Windows),Riot Games,Riot Games,2025-10-07,https://www.freetogame.com/2xko,2025,2xko,,,,,,,,,,1219.0,Fighting,PC (Windows),Riot Games,Riot Games,2025-10-07,https://www.mmobomb.com/2xko,True,True,True,True
622,Blue Protocol: Star Resonance,https://www.freetogame.com/g/622/thumbnail.jpg,A free-to-play open-world anime MMORPG.,https://www.freetogame.com/open/blue-protocol-star-resonance,MMORPG,PC (Windows),A Plus,Shanghai Bokura Networkd Technology,2025-10-09,https://www.freetogame.com/blue-protocol-star-resonance,2025,blue protocol: star resonance,,,,,,,,,,1220.0,MMORPG,PC (Windows),A Plus,Shanghai Bokura Network Technology,2025-10-09,https://www.mmobomb.com/blue-protocol-star-resonance,True,True,True,False
623,Raven2,https://www.freetogame.com/g/623/thumbnail.jpg,A free-to-play open-world MMORPG.,https://www.freetogame.com/open/raven2,MMORPG,PC (Windows),Netmarble,Netmarble,2025-10-22,https://www.freetogame.com/raven2,2025,raven2,,,,,,,,,,1222.0,MMORPG,PC (Windows),Netmarble,Netmarble,2025-10-20,https://www.mmobomb.com/raven2,True,True,True,True
624,Battlefield REDSEC,https://www.freetogame.com/g/624/thumbnail.jpg,A free-to-play battle royale game built with Battlefield DNA.,https://www.freetogame.com/open/battlefield-redsec,Shooter,PC (Windows),Electronic Arts,Battlefield Studios,2025-10-28,https://www.freetogame.com/battlefield-redsec,2025,battlefield redsec,,,,,,,,,,1223.0,Shooter,PC (Windows),Electronic Arts,Battlefield Studios,2025-10-28,https://www.mmobomb.com/battlefield-redsec,True,True,True,True
625,Superball,https://www.freetogame.com/g/625/thumbnail.jpg,A free-to-play futuristic sports game.,https://www.freetogame.com/open/superball,Sports,PC (Windows),Logoi Games,Pathea Games,2025-10-28,https://www.freetogame.com/superball,2025,superball,,,,,,,,,,1224.0,Sports,PC (Windows),Logoi Games,Pathea Games,2025-10-28,https://www.mmobomb.com/superball,True,True,True,True
626,Where Winds Meet,https://www.freetogame.com/g/626/thumbnail.jpg,A free-to-play open-world ARPG set in tenth-century China.,https://www.freetogame.com/open/where-winds-meet,RPG,PC (Windows),Everstone Studio,NetEase Games,2025-11-14,https://www.freetogame.com/where-winds-meet,2025,where winds meet,,,,,,,,,,1226.0,RPG,PC (Windows),NetEase Games,Everstone Studio,2025-11-14,https://www.mmobomb.com/where-winds-meet,True,True,False,False
627,Super Animal Royale,https://www.freetogame.com/g/627/thumbnail.jpg,A free-to-play 2D battle royale featuring hundreds of animals.,https://www.freetogame.com/open/super-animal-royale,Shooter,PC (Windows),Pixile,Pixile,2021-08-26,https://www.freetogame.com/super-animal-royale,2021,super animal royale,,,,,,,,,,1228.0,Shooter,PC (Windows),Pixile,Pixile,2021-08-26,https://www.mmobomb.com/super-animal-royale,True,True,True,True
628,World of Sea Battle,https://www.freetogame.com/g/628/thumbnail.jpg,A free-to-play historical open-sea MMORPG.,https://www.freetogame.com/open/world-of-sea-battle,MMORPG,PC (Windows),Thera Interactive,Thera Interactive,2025-10-21,https://www.freetogame.com/world-of-sea-battle,2025,world of sea battle,,,,,,,,,,1237.0,MMORPG,PC (Windows),Thera Interactive,Thera Interactive,2025-10-21,https://www.mmobomb.com/world-of-sea-battle,True,True,True,True
629,Wuthering Waves,https://www.freetogame.com/g/629/thumbnail.jpg,A free-to-play action RPG with gacha elements.,https://www.freetogame.com/open/wuthering-waves,RPG,PC (Windows),Kuro Games,Kuro Games,2024-05-22,https://www.freetogame.com/wuthering-waves,2024,wuthering waves,,,,,,,,,,1205.0,RPG,PC (Windows),KURO GAMES,KURO GAMES,2025-04-28,https://www.mmobomb.com/wuthering-waves,True,True,True,True
630,My Hero Ultra Rumble,https://www.freetogame.com/g/630/thumbnail.jpg,A free-to-play 24-person battle royale based on My Hero Academia.,https://www.freetogame.com/open/my-hero-ultra-rumble,Battle Royale,PC (Windows),Bandai Namco,Bandai Namco,2023-09-28,https://www.freetogame.com/my-hero-ultra-rumble,2023,my hero ultra rumble,,,,,,,,,,1230.0,Battle Royale,PC (Windows),Bandai Namco Entertainment,Byking Inc.,2023-09-28,https://www.mmobomb.com/my-hero-ultra-rumble,True,True,False,False
631,Reign of Guilds,https://www.freetogame.com/g/631/thumbnail.jpg,An open-world MMORPG inspired by old-school games like Ultima Online and EverQuest,https://www.freetogame.com/open/reign-of-guilds,MMORPG,PC (Windows),Atlant Games Ltd,Atlant Games Ltd,2025-11-26,https://www.freetogame.com/reign-of-guilds,2025,reign of guilds,,,,,,,,,,,,,,,,,,,,
632,Dragon Ball Gekishin Squadra,https://www.freetogame.com/g/632/thumbnail.jpg,A free-to-play MOBA featuring all your favorite Dragon Ball characters.,https://www.freetogame.com/open/dragon-ball-gekishin-squadra,MOBA,PC (Windows),Bandai Namco Entertainment,"GANBARION Co., Ltd.",2025-09-09,https://www.freetogame.com/dragon-ball-gekishin-squadra,2025,dragon ball gekishin squadra,,,,,,,,,,1229.0,MOBA,PC (Windows),Bandai Namco Entertainment,"GANBARION Co., Ltd.",2025-06-04,https://www.mmobomb.com/dragon-ball-gekishin-squadra,True,True,True,True
633,Umamusume: Pretty Derby,https://www.freetogame.com/g/633/thumbnail.jpg,A free-to-play gacha-style sports game featuring racing horse-girls.,https://www.freetogame.com/open/umamusume-pretty-derby,Sports,PC (Windows),"Cygames, Inc.","Cygames, Inc.",2025-06-24,https://www.freetogame.com/umamusume-pretty-derby,2025,umamusume: pretty derby,,,,,,,,,,,,,,,,,,,,
634,Zenless Zone Zero,https://www.freetogame.com/g/634/thumbnail.jpg,A free-to-play gacha-style ARPG in a post-apocalyptic urban setting.,https://www.freetogame.com/open/zenless-zone-zero,ARPG,PC (Windows),HoYoverse,HoYoverse,2024-07-04,https://www.freetogame.com/zenless-zone-zero,2024,zenless zone zero,,,,,,,,,,,,,,,,,,,,
635,Heartopia,https://www.freetogame.com/g/635/thumbnail.jpg,A free-to-play life simulation game for multiple players.,https://www.freetogame.com/open/heartopia,Social,PC (Windows),XD,XD,2026-01-16,https://www.freetogame.com/heartopia,2026,heartopia,,,,,,,,,,1231.0,Social,PC (Windows),XD International,XD International,2026-01-16,https://www.mmobomb.com/heartopia,True,True,False,False
636,Arknights: Endfield,https://www.freetogame.com/g/636/thumbnail.jpg,A free-to-play RTS RPG gacha game.,https://www.freetogame.com/open/arknights-endfield,Strategy,PC (Windows),GRYPHLINE,Hypergryph,2026-01-21,https://www.freetogame.com/arknights-endfield,2026,arknights: endfield,,,,,,,,,,,,,,,,,,,,
639,The Seven Deadly Sins: Origin,https://www.freetogame.com/g/639/thumbnail.jpg,A free-to-play action RPG based on the manga and anime.,https://www.freetogame.com/open/the-seven-deadly-sins-origin,RPG,PC (Windows),Netmarble,Netmarble,2026-03-16,https://www.freetogame.com/the-seven-deadly-sins-origin,2026,the seven deadly sins: origin,,,,,,,,,,1234.0,RPG,PC (Windows),Netmarble,Netmarble F&C,2026-03-16,https://www.mmobomb.com/the-seven-deadly-sins-origin,True,True,True,False
640,Project Entropy,https://www.freetogame.com/g/640/thumbnail.jpg,Project Entropy drops you into a living sci-fi MMO universe!,https://www.freetogame.com/open/project-entropy,Strategy,PC (Windows),FunPlus International,FunPlus International,2024-04-17,https://www.freetogame.com/project-entropy,2024,project entropy,,,,,,,,,,,,,,,,,,,,
641,Foundation: Galactic Frontier,https://www.freetogame.com/g/641/thumbnail.jpg,Isaac Asimov’s series brought to life in a massive real-time strategy RPG featuring crew management and galactic warfare.,https://www.freetogame.com/open/foundation-galactic-frontier,Strategy,PC (Windows),FunPlus International,FunPlus International,2025-10-21,https://www.freetogame.com/foundation-galactic-frontier,2025,foundation: galactic frontier,,,,,,,,,,,,,,,,,,,,
642,Neverness to Everness,https://www.freetogame.com/g/642/thumbnail.jpg,Neverness to Everness is a gacha game that blends some GTA-style play with team-based combat.,https://www.freetogame.com/open/nte,RPG,PC (Windows),Perfect World Entertainment,Hotta Studio,2026-04-29,https://www.freetogame.com/nte,2026,neverness to everness,,,,,,,,,,1235.0,RPG,PC (Windows),Perfect World Entertainment,Hotta Studio,2026-04-29,https://www.mmobomb.com/nte,True,True,True,True
643,The Division Resurgence,https://www.freetogame.com/g/643/thumbnail.jpg,A free-to-play open-world shooter set in The Division universe.,https://www.freetogame.com/open/the-division-resurgence,Shooter,PC (Windows),Ubisoft,Ubisoft,2026-04-29,https://www.freetogame.com/the-division-resurgence,2026,the division resurgence,,,,,,,,,,1236.0,Shooter,PC (Windows),Ubisoft,Ubisoft,2026-04-29,https://www.mmobomb.com/the-division-resurgence,True,True,True,True
644,World of Tanks: HEAT,https://www.freetogame.com/g/644/thumbnail.jpg,A free-to-play hero-based shooter set in the World of Tanks universe.,https://www.freetogame.com/open/world-of-tanks-heat,Shooter,PC (Windows),Wargaming Group Limited,Wargaming Group Limited,2026-05-26,https://www.freetogame.com/world-of-tanks-heat,2026,world of tanks: heat,,,,,,,,,,1238.0,Shooter,PC (Windows),Wargaming Group Limited,Wargaming Group Limited,2026-05-26,https://www.mmobomb.com/world-of-tanks-heat,True,True,True,True
645,Crystal Saga Nova,https://www.freetogame.com/g/645/thumbnail.jpg,A free-to-play fantasy MMORPG playable on browsers.,https://www.freetogame.com/open/crystal-saga-nova,MMORPG,Web Browser,R2Games,F5 Game Company,2026-05-26,https://www.freetogame.com/crystal-saga-nova,2026,crystal saga nova,,,,,,,,,,1239.0,MMORPG,Web Browser,R2Games,R2Games,2026-05-26,https://www.mmobomb.com/crystal-saga-nova,True,True,True,False
646,Gloria Victis,https://www.freetogame.com/g/646/thumbnail.jpg,A free-to-play low-fantasy medieval MMORPG.,https://www.freetogame.com/open/gloria-victis,MMORPG,PC (Windows),Gamigo,Gamigo,2026-06-17,https://www.freetogame.com/gloria-victis,2026,gloria victis,,,,,,,,,,1240.0,MMORPG,PC (Windows),Gamigo,Gamigo,2026-06-17,https://www.mmobomb.com/gloria-victis,True,True,True,True
647,RF Online Next,https://www.freetogame.com/g/647/thumbnail.jpg,A free-to-play sci-fi PvP MMORPG.,https://www.freetogame.com/open/rf-online-next,MMORPG,PC (Windows),Netmarble,Netmarble,2026-06-15,https://www.freetogame.com/rf-online-next,2026,rf online next,,,,,,,,,,1241.0,MMORPG,PC (Windows),Netmarble,Netmarble,2026-06-15,https://www.mmobomb.com/rf-online-next,True,True,True,True
648,Ragnarok: The New World,https://www.freetogame.com/g/648/thumbnail.jpg,An open-world entry in the Ragnarok IP.,https://www.freetogame.com/open/ragnarok-the-new-world,MMORPG,PC (Windows),Gravity Game Vision Limited,Gravity Game Vision Limited,2026-07-27,https://www.freetogame.com/ragnarok-the-new-world,2026,ragnarok: the new world,,,,,,,,,,1242.0,MMORPG,PC (Windows),Gravity Game Vision Limited,Gravity Game Vision Limited,2026-07-27,https://www.mmobomb.com/ragnarok-the-new-world,True,True,True,True
649,Soul's Remnant,https://www.freetogame.com/g/649/thumbnail.jpg,An indie 2D Side Scroller MMORPG.,https://www.freetogame.com/open/souls-remnant,MMORPG,PC (Windows),Chaomoon,Chaomoon,2026-08-13,https://www.freetogame.com/souls-remnant,2026,soul's remnant,,,,,,,,,,1243.0,MMORPG,PC (Windows),Chaomoon,Chaomoon,2026-08-13,https://www.mmobomb.com/souls-remnant,True,True,True,True
650,Tyr,https://www.freetogame.com/g/650/thumbnail.jpg,A free-to-play tank shooter with customizable skill trees.,https://www.freetogame.com/open/tyr,Shooter,PC (Windows),Stoke Games,Stoke Games,2026-09-02,https://www.freetogame.com/tyr,2026,tyr,,,,,,,,,,1244.0,Shooter,PC (Windows),Stoke Games,Stoke Games,2026-09-02,https://www.mmobomb.com/tyr,True,True,True,True
651,Aniimo,https://www.freetogame.com/g/651/thumbnail.jpg,A free-to-play open-world creature taming game.,https://www.freetogame.com/open/aniimo,RPG,PC (Windows),Pawprint Studio,Pawprint Studio,2026-09-15,https://www.freetogame.com/aniimo,2026,aniimo,,,,,,,,,,1245.0,RPG,PC (Windows),Pawprint Studio,Pawprint Studio,2026-09-15,https://www.mmobomb.com/aniimo,True,True,True,True
